category,quantity,consumption_rate,days_to_expiry,price_per_unit,stock_level,risk_label
Dairy,48,4.3,1,249.1,48,High Risk
Fruits,55,22.02,6,53.28,55,Moderate Risk
Seafood,24,15.68,26,306.76,24,Safe
Bakery,127,19.46,7,355.53,127,Safe
Dairy,120,16.3,4,418.3,120,Moderate Risk
Meat,55,13.67,23,439.95,55,Safe
Dairy,145,4.91,20,240.19,145,High Risk
Dairy,158,3.25,3,155.63,158,High Risk
Dairy,141,16.96,15,172.42,141,Safe
Fruits,135,20.21,24,428.01,135,Safe
Vegetables,173,11.96,28,264.2,173,Safe
Bakery,190,4.18,13,181.58,190,High Risk
Bakery,185,13.6,27,314.82,185,Safe
Meat,5,23.57,7,185.55,5,Safe
Seafood,135,21.65,11,217.61,135,Safe
Bakery,28,3.24,1,178.75,28,High Risk
Vegetables,24,16.94,13,63.09,24,Safe
Dairy,103,20.62,19,46.5,103,Safe
Dairy,159,5.08,2,125.9,159,High Risk
Bakery,188,2.44,16,340.11,188,High Risk
Seafood,48,17.39,15,373.34,48,Safe
Bakery,67,8.39,19,405.93,67,Safe
Bakery,28,7.24,16,200.5,28,Safe
Bakery,192,6.84,29,158.48,192,Moderate Risk
Seafood,95,15.94,17,269.33,95,Safe
Dairy,131,19.76,2,212.34,131,High Risk
Dairy,102,21.51,23,449.22,102,Safe
Dairy,99,5.72,25,341.08,99,Moderate Risk
Bakery,151,21.66,18,386.85,151,Safe
Bakery,113,4.87,29,283.0,113,Moderate Risk
Vegetables,42,11.02,10,407.37,42,Safe
Bakery,88,12.84,27,422.06,88,Safe
Meat,5,2.92,14,384.21,5,Safe
Seafood,186,16.97,13,407.72,186,Safe
Seafood,196,19.57,20,488.46,196,Safe
Fruits,33,17.21,24,92.48,33,Safe
Vegetables,114,5.74,7,405.53,114,Moderate Risk
Vegetables,96,5.92,12,388.15,96,Moderate Risk
Seafood,29,2.44,12,25.64,29,Safe
Bakery,196,6.55,2,206.31,196,High Risk
Dairy,167,6.98,26,164.9,167,Moderate Risk
Seafood,156,24.54,21,141.99,156,Safe
Fruits,8,12.5,29,319.33,8,Safe
Bakery,26,2.67,23,68.74,26,Safe
Meat,137,8.8,4,387.69,137,Moderate Risk
Seafood,188,12.1,29,371.72,188,Safe
Dairy,170,18.45,5,224.3,170,Moderate Risk
Dairy,26,2.37,4,124.95,26,Moderate Risk
Meat,197,15.37,4,432.09,197,Moderate Risk
Fruits,106,6.25,30,19.27,106,Moderate Risk
Meat,106,15.1,17,96.33,106,Safe
Dairy,39,1.11,2,140.44,39,High Risk
Seafood,189,12.1,7,220.5,189,Safe
Seafood,11,4.07,18,353.71,11,Safe
Dairy,40,23.52,17,37.22,40,Safe
Seafood,166,7.5,5,388.17,166,Moderate Risk
Seafood,72,16.11,14,28.75,72,Safe
Meat,191,15.32,27,282.29,191,Safe
Vegetables,193,1.74,18,418.69,193,High Risk
Seafood,160,22.26,7,84.54,160,Safe
Bakery,146,19.91,26,166.25,146,Safe
Meat,53,11.72,16,463.27,53,Safe
Seafood,113,3.71,27,244.41,113,Moderate Risk
Bakery,129,4.24,11,463.56,129,High Risk
Fruits,32,15.61,15,78.74,32,Safe
Fruits,50,14.45,7,489.19,50,Safe
Seafood,44,19.19,19,391.13,44,Safe
Bakery,197,5.46,16,159.41,197,Moderate Risk
Seafood,143,1.79,20,344.17,143,High Risk
Fruits,40,20.99,21,451.83,40,Safe
Dairy,42,13.65,3,418.21,42,Moderate Risk
Meat,199,15.91,6,320.59,199,Moderate Risk
Bakery,89,8.54,7,315.13,89,Safe
Fruits,158,13.39,23,323.89,158,Safe
Meat,96,21.12,16,76.0,96,Safe
Seafood,196,15.46,26,468.3,196,Safe
Fruits,170,1.1,29,34.38,170,High Risk
Bakery,26,4.47,15,459.26,26,Safe
Bakery,36,5.3,17,157.6,36,Safe
Vegetables,33,24.0,28,377.17,33,Safe
Fruits,78,4.46,6,250.25,78,Moderate Risk
Fruits,112,17.24,23,236.01,112,Safe
Fruits,58,24.11,23,94.03,58,Safe
Vegetables,52,13.58,28,388.61,52,Safe
Fruits,107,21.95,22,89.14,107,Safe
Seafood,148,24.7,22,465.53,148,Safe
Bakery,170,1.92,12,326.95,170,High Risk
Dairy,197,1.12,20,191.65,197,High Risk
Bakery,155,1.63,13,217.31,155,High Risk
Seafood,54,6.83,26,176.01,54,Safe
Bakery,109,3.31,6,124.8,109,Moderate Risk
Dairy,55,18.27,15,370.22,55,Safe
Seafood,115,3.33,2,326.97,115,High Risk
Meat,114,22.16,4,319.51,114,Moderate Risk
Vegetables,118,9.65,3,61.83,118,Moderate Risk
Vegetables,180,8.44,23,229.16,180,Safe
Bakery,133,6.14,29,149.58,133,Moderate Risk
Dairy,99,3.11,23,130.26,99,Moderate Risk
Meat,150,2.03,9,29.51,150,High Risk
Vegetables,166,16.17,17,213.89,166,Safe
Meat,10,23.68,5,158.63,10,Moderate Risk
Vegetables,86,18.3,13,191.18,86,Safe
Fruits,75,12.49,20,284.38,75,Safe
Bakery,171,10.59,3,73.89,171,Moderate Risk
Vegetables,156,19.42,8,170.63,156,Safe
Fruits,75,17.28,19,432.55,75,Safe
Fruits,11,4.88,24,458.7,11,Safe
Dairy,132,1.49,20,119.05,132,High Risk
Seafood,59,8.99,16,288.86,59,Safe
Bakery,72,15.89,17,323.72,72,Safe
Fruits,6,9.46,23,256.05,6,Safe
Meat,156,17.31,3,23.42,156,Moderate Risk
Dairy,41,14.41,7,297.86,41,Safe
Bakery,8,4.14,8,121.23,8,Safe
Vegetables,181,24.5,8,270.98,181,Safe
Seafood,175,19.54,25,89.96,175,Safe
Meat,98,13.24,16,415.43,98,Safe
Bakery,67,18.25,11,345.86,67,Safe
Vegetables,105,16.48,30,393.1,105,Safe
Vegetables,30,13.11,23,390.51,30,Safe
Dairy,165,15.86,25,447.5,165,Safe
Dairy,98,14.49,1,340.18,98,High Risk
Vegetables,72,24.48,2,424.27,72,High Risk
Seafood,158,2.17,19,260.28,158,High Risk
Fruits,107,7.58,3,34.25,107,Moderate Risk
Dairy,62,1.71,20,139.35,62,Safe
Vegetables,97,22.57,2,269.76,97,High Risk
Bakery,142,12.72,10,320.68,142,Safe
Bakery,59,8.27,9,109.67,59,Safe
Dairy,128,11.49,28,358.05,128,Safe
Vegetables,15,13.64,22,267.91,15,Safe
Meat,109,6.88,14,156.69,109,Moderate Risk
Fruits,66,11.81,25,350.52,66,Safe
Vegetables,5,14.12,14,236.77,5,Safe
Bakery,48,14.21,24,200.02,48,Safe
Fruits,80,19.22,21,430.84,80,Safe
Meat,189,10.03,13,198.13,189,Safe
Bakery,173,7.37,29,303.48,173,Moderate Risk
Meat,77,5.65,29,181.1,77,Safe
Fruits,135,17.97,30,347.89,135,Safe
Vegetables,179,9.4,6,411.19,179,Moderate Risk
Vegetables,77,1.16,29,302.6,77,Safe
Vegetables,141,22.93,18,241.41,141,Safe
Dairy,18,8.18,8,332.26,18,Safe
Seafood,110,13.81,22,41.02,110,Safe
Fruits,79,17.43,21,72.48,79,Safe
Dairy,162,15.46,15,433.14,162,Safe
Meat,10,8.51,18,357.4,10,Safe
Fruits,85,1.46,30,454.06,85,Moderate Risk
Bakery,9,23.17,26,58.83,9,Safe
Bakery,121,14.19,23,71.81,121,Safe
Meat,173,9.61,5,234.71,173,Moderate Risk
Seafood,104,14.04,25,396.08,104,Safe
Meat,159,11.28,19,195.56,159,Safe
Meat,127,4.3,22,101.71,127,High Risk
Dairy,132,9.78,20,363.29,132,Safe
Fruits,77,8.87,11,455.43,77,Safe
Bakery,93,11.58,12,228.02,93,Safe
Seafood,18,14.16,26,413.08,18,Safe
Vegetables,28,16.29,14,252.28,28,Safe
Dairy,181,16.09,25,221.8,181,Safe
Dairy,107,4.19,30,72.87,107,Moderate Risk
Meat,148,6.91,5,150.74,148,Moderate Risk
Bakery,142,13.82,4,424.06,142,Moderate Risk
Meat,44,3.69,5,227.5,44,Moderate Risk
Bakery,94,1.26,28,125.02,94,Moderate Risk
Meat,157,7.41,25,13.14,157,Moderate Risk
Seafood,59,3.88,10,130.41,59,Safe
Seafood,62,13.17,19,414.19,62,Safe
Dairy,36,11.58,1,402.75,36,High Risk
Vegetables,85,23.84,24,273.81,85,Safe
Seafood,123,11.39,26,343.32,123,Safe
Bakery,77,9.06,8,302.72,77,Safe
Bakery,178,20.51,2,204.64,178,High Risk
Vegetables,154,20.88,16,272.67,154,Safe
Dairy,70,24.78,30,471.24,70,Safe
Fruits,183,20.95,10,275.26,183,Safe
Vegetables,109,4.75,26,235.91,109,Moderate Risk
Vegetables,120,20.91,12,284.06,120,Safe
Dairy,154,8.86,17,473.32,154,Safe
Fruits,163,12.04,24,263.76,163,Safe
Dairy,102,4.01,25,111.98,102,Moderate Risk
Vegetables,120,1.15,26,498.2,120,Moderate Risk
Bakery,139,4.99,20,294.02,139,High Risk
Bakery,131,7.32,28,372.66,131,Moderate Risk
Fruits,139,17.73,9,18.38,139,Safe
Fruits,179,1.12,25,288.13,179,High Risk
Vegetables,42,13.48,7,154.04,42,Safe
Vegetables,111,22.38,28,253.69,111,Safe
Bakery,73,1.36,18,362.18,73,Safe
Bakery,112,13.17,23,472.69,112,Safe
Seafood,160,12.93,28,366.95,160,Safe
Meat,139,13.35,11,361.12,139,Safe
Dairy,186,17.49,5,431.71,186,Moderate Risk
Fruits,122,11.14,10,232.65,122,Safe
Dairy,8,16.2,27,343.12,8,Safe
Meat,187,21.0,22,449.96,187,Safe
Bakery,132,20.62,11,360.94,132,Safe
Fruits,195,13.03,21,165.32,195,Safe
Fruits,164,22.55,27,399.39,164,Safe
Vegetables,99,1.11,5,441.47,99,Moderate Risk
Dairy,67,18.03,30,176.8,67,Safe
Vegetables,132,2.34,9,295.05,132,High Risk
Bakery,152,11.02,20,27.68,152,Safe
Fruits,159,15.78,12,17.34,159,Safe
Bakery,21,12.05,9,12.4,21,Safe
Dairy,126,3.96,4,310.55,126,High Risk
Fruits,68,21.86,7,303.5,68,Safe
Dairy,191,23.04,14,164.06,191,Safe
Meat,23,7.47,15,22.59,23,Safe
Vegetables,149,16.02,10,297.35,149,Safe
Vegetables,131,6.7,6,304.08,131,Moderate Risk
Seafood,139,19.55,14,274.96,139,Safe
Bakery,126,11.5,15,319.48,126,Safe
Fruits,149,15.49,4,337.12,149,Moderate Risk
Meat,38,17.42,14,366.94,38,Safe
Bakery,156,11.33,14,427.88,156,Safe
Seafood,151,8.22,10,326.63,151,Safe
Fruits,118,13.78,4,276.79,118,Moderate Risk
Dairy,148,11.0,30,403.7,148,Safe
Seafood,85,4.69,27,26.71,85,Moderate Risk
Vegetables,41,24.2,9,336.58,41,Safe
Vegetables,24,2.92,2,300.37,24,High Risk
Seafood,194,5.03,25,108.39,194,Moderate Risk
Bakery,23,20.45,4,250.84,23,Moderate Risk
Fruits,83,7.52,29,250.65,83,Moderate Risk
Dairy,136,16.28,11,177.39,136,Safe
Meat,126,14.03,5,249.83,126,Moderate Risk
Meat,125,22.89,27,28.19,125,Safe
Meat,55,10.3,10,93.16,55,Safe
Vegetables,95,1.86,12,200.88,95,Moderate Risk
Fruits,126,23.57,22,177.88,126,Safe
Vegetables,45,17.51,16,324.37,45,Safe
Seafood,152,11.55,13,209.25,152,Safe
Seafood,25,13.12,11,435.73,25,Safe
Fruits,154,19.14,26,478.39,154,Safe
Dairy,119,9.78,10,31.16,119,Safe
Fruits,83,6.81,3,91.12,83,Moderate Risk
Dairy,74,20.01,11,134.8,74,Safe
Dairy,27,16.02,6,115.67,27,Moderate Risk
Seafood,68,21.36,28,413.75,68,Safe
Fruits,65,16.51,2,482.21,65,High Risk
Bakery,157,9.7,10,247.32,157,Safe
Bakery,167,20.89,15,189.11,167,Safe
Seafood,188,3.37,21,65.01,188,High Risk
Dairy,129,6.4,2,397.07,129,High Risk
Dairy,27,6.42,1,258.14,27,High Risk
Meat,154,19.11,8,12.53,154,Safe
Meat,103,14.76,14,456.4,103,Safe
Seafood,99,12.72,27,262.02,99,Safe
Bakery,55,5.27,18,197.92,55,Safe
Bakery,120,24.24,3,428.83,120,Moderate Risk
Fruits,53,14.97,21,135.86,53,Safe
Vegetables,17,22.53,28,405.56,17,Safe
Seafood,197,18.78,16,184.31,197,Safe
Vegetables,130,7.61,15,371.34,130,Moderate Risk
Fruits,140,21.35,27,486.5,140,Safe
Vegetables,44,5.52,15,34.61,44,Safe
Fruits,168,8.16,7,280.3,168,Safe
Vegetables,130,17.22,11,227.98,130,Safe
Vegetables,77,9.32,12,444.12,77,Safe
Bakery,49,10.57,9,164.36,49,Safe
Meat,89,17.12,5,129.26,89,Moderate Risk
Meat,98,13.68,3,109.06,98,Moderate Risk
Meat,85,22.23,12,321.77,85,Safe
Meat,181,12.41,4,38.38,181,Moderate Risk
Meat,94,4.58,21,217.16,94,Moderate Risk
Vegetables,152,17.26,11,337.85,152,Safe
Dairy,126,11.99,18,238.82,126,Safe
Meat,76,1.4,7,387.71,76,Safe
Seafood,22,10.22,28,180.6,22,Safe
Meat,112,24.99,18,401.6,112,Safe
Meat,167,15.84,8,50.13,167,Safe
Dairy,139,3.97,12,182.46,139,High Risk
Vegetables,164,18.16,15,151.6,164,Safe
Seafood,39,3.43,22,143.57,39,Safe
Seafood,42,8.76,25,158.74,42,Safe
Vegetables,107,1.37,22,231.04,107,Moderate Risk
Fruits,69,6.53,7,11.9,69,Safe
Bakery,170,20.73,16,123.92,170,Safe
Vegetables,128,21.6,1,140.7,128,High Risk
Fruits,102,3.35,12,463.74,102,Moderate Risk
Dairy,152,17.69,8,142.86,152,Safe
Fruits,198,17.24,2,34.99,198,High Risk
Meat,200,6.81,28,293.46,200,Moderate Risk
Meat,86,9.23,6,236.93,86,Moderate Risk
Dairy,72,13.95,17,214.01,72,Safe
Bakery,158,5.47,29,161.25,158,Moderate Risk
Seafood,164,6.29,28,102.52,164,Moderate Risk
Seafood,41,17.87,13,396.2,41,Safe
Bakery,168,21.19,11,40.41,168,Safe
Bakery,71,14.89,18,360.54,71,Safe
Fruits,27,14.09,25,402.47,27,Safe
Dairy,171,21.81,24,374.28,171,Safe
Seafood,184,13.03,20,464.56,184,Safe
Seafood,144,13.13,5,244.4,144,Moderate Risk
Meat,106,14.73,25,377.04,106,Safe
Vegetables,198,15.03,13,125.39,198,Safe
Seafood,55,9.0,21,19.72,55,Safe
Bakery,43,6.92,21,371.83,43,Safe
Bakery,109,22.64,4,163.5,109,Moderate Risk
Vegetables,59,15.49,3,468.24,59,Moderate Risk
Bakery,148,18.15,3,480.8,148,Moderate Risk
Seafood,159,18.55,21,198.99,159,Safe
Fruits,188,13.01,27,468.23,188,Safe
Bakery,72,24.09,20,383.88,72,Safe
Fruits,79,21.56,15,237.32,79,Safe
Meat,52,15.48,23,30.19,52,Safe
Fruits,195,18.2,24,331.65,195,Safe
Dairy,18,12.47,8,118.71,18,Safe
Seafood,15,13.4,5,122.1,15,Moderate Risk
Bakery,41,9.75,23,87.57,41,Safe
Vegetables,6,10.23,23,396.23,6,Safe
Meat,110,13.0,3,57.2,110,Moderate Risk
Meat,59,18.25,27,483.72,59,Safe
Meat,91,17.3,23,210.93,91,Safe
Bakery,80,10.5,26,458.35,80,Safe
Meat,142,1.51,6,88.72,142,High Risk
Meat,153,20.25,14,183.53,153,Safe
Seafood,67,6.61,19,38.69,67,Safe
Fruits,169,1.81,26,475.02,169,High Risk
Bakery,15,3.43,24,324.35,15,Safe
Meat,98,20.94,1,88.15,98,High Risk
Fruits,77,22.29,1,228.25,77,High Risk
Bakery,139,19.24,8,448.99,139,Safe
Bakery,107,20.69,9,374.57,107,Safe
Bakery,149,4.01,18,233.58,149,High Risk
Fruits,77,1.44,20,105.41,77,Safe
Seafood,150,19.62,21,175.1,150,Safe
Meat,59,15.97,10,251.69,59,Safe
Bakery,19,24.13,4,156.62,19,Moderate Risk
Meat,73,21.73,21,136.61,73,Safe
Fruits,76,4.59,17,263.24,76,Safe
Seafood,86,23.07,2,479.61,86,High Risk
Bakery,47,3.45,5,310.34,47,Moderate Risk
Fruits,78,10.42,22,278.49,78,Safe
Bakery,43,19.63,23,306.02,43,Safe
Seafood,16,2.15,13,317.27,16,Safe
Meat,36,3.8,27,270.48,36,Safe
Fruits,100,9.55,13,152.95,100,Safe
Dairy,161,5.09,6,231.56,161,Moderate Risk
Vegetables,60,3.78,19,47.45,60,Safe
Vegetables,165,16.56,20,185.58,165,Safe
Dairy,22,8.15,11,373.16,22,Safe
Fruits,140,4.33,2,15.3,140,High Risk
Dairy,113,17.25,4,128.97,113,Moderate Risk
Seafood,80,9.3,28,452.27,80,Safe
Vegetables,150,10.05,22,12.93,150,Safe
Vegetables,193,2.77,30,127.35,193,High Risk
Seafood,22,19.71,15,257.87,22,Safe
Vegetables,87,19.95,16,462.4,87,Safe
Vegetables,28,15.57,1,314.78,28,High Risk
Dairy,98,12.24,1,98.1,98,High Risk
Dairy,196,20.99,29,308.27,196,Safe
Meat,21,6.6,16,262.04,21,Safe
Fruits,71,15.86,5,192.21,71,Moderate Risk
Dairy,14,15.41,10,121.88,14,Safe
Fruits,87,18.77,28,168.07,87,Safe
Seafood,71,15.95,26,95.15,71,Safe
Bakery,95,14.67,14,314.34,95,Safe
Meat,51,22.63,22,93.81,51,Safe
Bakery,76,17.36,19,89.31,76,Safe
Fruits,103,12.07,19,108.17,103,Safe
Seafood,16,23.18,19,77.18,16,Safe
Meat,32,16.39,4,354.18,32,Moderate Risk
Dairy,99,6.68,16,414.04,99,Moderate Risk
Vegetables,119,12.8,2,329.67,119,High Risk
Seafood,134,10.81,4,250.21,134,Moderate Risk
Vegetables,182,1.92,19,95.99,182,High Risk
Fruits,61,23.78,2,369.03,61,High Risk
Meat,28,9.94,12,131.86,28,Safe
Meat,155,8.94,9,439.37,155,Safe
Fruits,47,19.08,20,236.5,47,Safe
Fruits,69,7.99,12,422.46,69,Safe
Dairy,155,5.78,2,390.58,155,High Risk
Fruits,70,9.05,8,455.48,70,Safe
Seafood,57,12.17,4,136.84,57,Moderate Risk
Bakery,163,16.49,16,316.64,163,Safe
Meat,59,19.65,22,362.91,59,Safe
Fruits,87,9.58,14,485.75,87,Safe
Vegetables,114,22.7,8,205.61,114,Safe
Vegetables,135,16.04,8,213.59,135,Safe
Seafood,32,11.03,9,320.47,32,Safe
Bakery,159,3.87,20,456.51,159,High Risk
Seafood,91,23.74,28,194.72,91,Safe
Meat,50,14.25,3,56.91,50,Moderate Risk
Meat,80,10.76,11,473.41,80,Safe
Dairy,24,10.51,23,77.19,24,Safe
Seafood,122,20.3,12,284.14,122,Safe
Fruits,155,13.42,9,283.89,155,Safe
Dairy,63,4.43,17,129.55,63,Safe
Seafood,183,19.97,13,301.59,183,Safe
Vegetables,20,3.24,8,240.08,20,Safe
Bakery,189,22.79,24,432.4,189,Safe
Seafood,88,8.88,21,346.26,88,Safe
Vegetables,114,11.1,16,45.92,114,Safe
Seafood,43,14.29,22,14.38,43,Safe
Bakery,24,21.61,30,452.62,24,Safe
Dairy,36,24.11,18,342.77,36,Safe
Dairy,6,20.11,9,299.72,6,Safe
Bakery,135,12.0,21,464.44,135,Safe
Meat,48,7.32,3,476.34,48,Moderate Risk
Meat,198,23.37,30,221.24,198,Safe
Fruits,124,19.31,2,241.09,124,High Risk
Seafood,156,7.24,4,281.5,156,Moderate Risk
Meat,55,11.84,21,292.72,55,Safe
Meat,130,15.95,17,492.99,130,Safe
Dairy,40,22.79,21,437.74,40,Safe
Bakery,35,21.27,19,407.35,35,Safe
Meat,62,20.04,24,480.59,62,Safe
Bakery,9,23.12,26,365.54,9,Safe
Seafood,173,10.69,10,35.14,173,Safe
Fruits,184,21.41,13,262.86,184,Safe
Seafood,80,10.92,24,155.68,80,Safe
Seafood,64,5.36,23,258.88,64,Safe
Bakery,18,7.5,27,441.5,18,Safe
Meat,168,20.47,10,463.7,168,Safe
Seafood,110,13.27,7,225.32,110,Safe
Fruits,62,14.03,3,83.81,62,Moderate Risk
Seafood,162,21.86,25,313.37,162,Safe
Fruits,54,10.78,24,64.37,54,Safe
Seafood,46,22.13,20,340.16,46,Safe
Fruits,42,6.07,4,13.87,42,Moderate Risk
Seafood,85,18.69,1,274.32,85,High Risk
Seafood,48,17.08,25,390.92,48,Safe
Bakery,97,15.1,12,215.9,97,Safe
Dairy,45,17.83,22,42.04,45,Safe
Vegetables,49,22.09,29,228.5,49,Safe
Fruits,46,4.83,19,24.7,46,Safe
Fruits,123,21.61,14,234.41,123,Safe
Fruits,174,16.42,28,495.6,174,Safe
Vegetables,136,8.74,6,359.37,136,Moderate Risk
Vegetables,179,23.21,24,290.22,179,Safe
Fruits,137,10.92,1,194.11,137,High Risk
Vegetables,20,10.39,10,306.65,20,Safe
Seafood,169,20.39,20,228.23,169,Safe
Fruits,176,13.27,14,461.09,176,Safe
Vegetables,8,16.17,21,227.14,8,Safe
Dairy,9,21.3,7,227.01,9,Safe
Fruits,82,11.97,12,246.27,82,Safe
Dairy,76,1.67,24,133.88,76,Safe
Fruits,28,7.43,13,215.02,28,Safe
Dairy,118,1.2,11,195.71,118,Moderate Risk
Meat,183,23.65,15,114.22,183,Safe
Vegetables,62,17.15,16,251.08,62,Safe
Fruits,120,2.95,4,192.33,120,Moderate Risk
Bakery,81,16.63,13,227.11,81,Safe
Vegetables,31,11.62,10,171.18,31,Safe
Vegetables,107,21.67,6,328.1,107,Moderate Risk
Seafood,152,19.86,22,373.13,152,Safe
Dairy,111,9.88,19,215.82,111,Safe
Vegetables,185,7.29,7,458.13,185,Moderate Risk
Bakery,45,20.48,24,326.94,45,Safe
Fruits,82,21.31,29,38.66,82,Safe
Dairy,36,19.1,27,266.13,36,Safe
Vegetables,183,23.92,10,423.38,183,Safe
Meat,15,21.56,1,367.88,15,High Risk
Vegetables,96,4.51,4,467.64,96,Moderate Risk
Fruits,134,11.63,27,17.4,134,Safe
Dairy,33,21.56,8,455.01,33,Safe
Seafood,177,11.7,25,354.63,177,Safe
Bakery,41,13.18,5,88.43,41,Moderate Risk
Fruits,23,17.69,10,181.19,23,Safe
Meat,156,22.72,27,35.46,156,Safe
Dairy,38,5.27,26,239.85,38,Safe
Seafood,106,20.37,16,417.19,106,Safe
Seafood,40,18.93,26,280.72,40,Safe
Meat,95,19.15,26,162.77,95,Safe
Vegetables,84,16.66,7,213.74,84,Safe
Bakery,129,12.22,25,236.99,129,Safe
Seafood,43,16.66,27,410.44,43,Safe
Dairy,118,19.77,26,214.06,118,Safe
Dairy,156,14.03,17,125.47,156,Safe
Seafood,119,15.48,1,426.6,119,High Risk
Meat,37,7.26,15,82.73,37,Safe
Fruits,177,23.81,14,84.23,177,Safe
Meat,143,22.96,20,317.22,143,Safe
Vegetables,144,2.97,16,330.59,144,High Risk
Seafood,85,6.89,1,292.8,85,High Risk
Bakery,25,2.87,30,148.04,25,Safe
Meat,59,19.08,21,424.57,59,Safe
Fruits,192,8.8,10,96.53,192,Safe
Meat,60,24.2,22,186.71,60,Safe
Seafood,169,18.27,15,491.83,169,Safe
Fruits,99,13.0,17,47.42,99,Safe
Fruits,148,20.72,17,271.97,148,Safe
Seafood,102,1.46,11,14.66,102,Moderate Risk
Seafood,170,14.25,11,362.56,170,Safe
Meat,71,2.35,4,296.97,71,Moderate Risk
Seafood,79,6.89,16,462.23,79,Safe
Seafood,154,21.61,15,115.24,154,Safe
Dairy,194,23.48,11,64.72,194,Safe
Vegetables,72,7.89,23,486.05,72,Safe
Dairy,36,18.46,6,302.43,36,Moderate Risk
Dairy,102,16.98,23,135.91,102,Safe
Meat,20,12.79,28,16.12,20,Safe
Bakery,169,12.06,21,171.0,169,Safe
Fruits,109,4.67,20,284.11,109,Moderate Risk
Fruits,111,4.95,1,116.43,111,High Risk
Seafood,127,21.1,12,377.39,127,Safe
Bakery,72,8.86,5,176.66,72,Moderate Risk
Meat,25,21.41,27,236.03,25,Safe
Bakery,5,15.84,1,466.69,5,High Risk
Dairy,177,7.7,28,368.86,177,Moderate Risk
Vegetables,20,9.43,17,298.68,20,Safe
Seafood,157,2.1,29,29.98,157,High Risk
Bakery,21,1.81,24,431.85,21,Safe
Meat,170,1.46,2,127.92,170,High Risk
Seafood,117,5.81,23,437.28,117,Moderate Risk
Vegetables,88,12.58,17,174.76,88,Safe
Bakery,23,19.89,16,468.3,23,Safe
Bakery,95,14.9,2,226.89,95,High Risk
Vegetables,154,13.3,1,257.11,154,High Risk
Meat,85,14.3,1,94.13,85,High Risk
Meat,19,8.4,11,176.78,19,Safe
Bakery,60,3.81,20,76.35,60,Safe
Vegetables,173,5.13,23,375.32,173,Moderate Risk
Dairy,54,15.92,18,281.7,54,Safe
Bakery,34,17.86,16,461.82,34,Safe
Dairy,115,8.93,19,431.48,115,Safe
Seafood,11,18.18,12,435.02,11,Safe
Seafood,12,10.86,23,15.04,12,Safe
Fruits,161,15.59,15,175.62,161,Safe
Meat,106,2.92,13,430.69,106,Moderate Risk
Bakery,161,4.61,26,426.01,161,High Risk
Meat,82,10.64,7,427.27,82,Safe
Bakery,13,10.46,12,217.77,13,Safe
Meat,54,12.51,11,236.46,54,Safe
Meat,98,2.96,15,98.74,98,Moderate Risk
Meat,71,20.38,19,443.26,71,Safe
Seafood,55,16.82,23,127.09,55,Safe
Seafood,117,11.97,24,238.8,117,Safe
Bakery,93,1.82,4,188.12,93,Moderate Risk
Fruits,83,3.17,14,131.89,83,Moderate Risk
Seafood,59,21.98,13,60.52,59,Safe
Vegetables,114,3.82,13,347.54,114,Moderate Risk
Vegetables,119,9.63,6,87.52,119,Moderate Risk
Vegetables,160,23.45,4,433.56,160,Moderate Risk
Bakery,200,18.14,15,194.88,200,Safe
Vegetables,126,6.22,26,25.95,126,Moderate Risk
Fruits,70,7.3,25,367.79,70,Safe
Seafood,108,15.15,11,32.26,108,Safe
Vegetables,8,11.2,16,16.03,8,Safe
Dairy,87,6.26,8,63.74,87,Moderate Risk
Fruits,184,22.11,18,146.21,184,Safe
Vegetables,155,22.08,21,142.39,155,Safe
Dairy,137,21.4,20,457.79,137,Safe
Fruits,122,10.62,6,351.98,122,Moderate Risk
Fruits,186,24.2,26,70.4,186,Safe
Fruits,147,15.78,5,290.93,147,Moderate Risk
Seafood,77,11.03,11,263.92,77,Safe
Fruits,163,20.82,1,284.38,163,High Risk
Seafood,9,15.58,7,464.45,9,Safe
Bakery,148,10.62,6,439.6,148,Moderate Risk
Meat,193,19.22,17,154.51,193,Safe
Fruits,28,23.17,2,89.11,28,High Risk
Meat,35,13.03,2,165.65,35,High Risk
Fruits,140,22.05,15,184.0,140,Safe
Meat,20,21.77,22,438.68,20,Safe
Vegetables,193,23.46,17,282.88,193,Safe
Seafood,79,6.71,23,280.75,79,Safe
Seafood,132,13.83,29,137.88,132,Safe
Bakery,10,16.69,3,334.12,10,Moderate Risk
Bakery,189,18.59,21,109.95,189,Safe
Meat,198,18.64,12,451.24,198,Safe
Vegetables,47,5.76,24,35.35,47,Safe
Vegetables,77,12.12,2,101.99,77,High Risk
Bakery,60,7.73,29,381.5,60,Safe
Dairy,17,12.56,14,82.73,17,Safe
Seafood,155,19.83,4,267.04,155,Moderate Risk
Fruits,103,1.1,7,59.73,103,Moderate Risk
Seafood,52,10.92,5,259.89,52,Moderate Risk
Fruits,141,23.05,26,357.57,141,Safe
Fruits,136,2.17,21,138.05,136,High Risk
Vegetables,64,18.24,26,315.33,64,Safe
Seafood,155,18.48,25,48.15,155,Safe
Meat,64,7.09,14,27.97,64,Safe
Dairy,84,4.67,1,213.44,84,High Risk
Bakery,27,19.2,1,363.99,27,High Risk
Seafood,176,2.22,25,195.16,176,High Risk
Dairy,12,4.76,22,212.59,12,Safe
Meat,56,14.44,20,253.13,56,Safe
Dairy,24,20.0,13,386.31,24,Safe
Seafood,29,18.86,20,283.67,29,Safe
Seafood,41,21.9,19,265.18,41,Safe
Seafood,167,6.1,16,315.28,167,Moderate Risk
Bakery,192,4.26,18,67.29,192,High Risk
Vegetables,32,23.56,23,51.78,32,Safe
Vegetables,130,12.27,6,436.07,130,Moderate Risk
Seafood,90,1.06,8,56.25,90,Moderate Risk
Dairy,23,18.73,5,472.45,23,Moderate Risk
Seafood,38,6.06,21,274.72,38,Safe
Bakery,99,4.29,22,232.03,99,Moderate Risk
Dairy,82,17.76,12,221.11,82,Safe
Seafood,118,2.68,6,42.19,118,Moderate Risk
Meat,57,24.82,29,276.3,57,Safe
Vegetables,42,4.45,22,61.18,42,Safe
Dairy,62,7.03,23,128.63,62,Safe
Seafood,134,23.95,24,74.82,134,Safe
Fruits,147,13.36,30,448.33,147,Safe
Seafood,38,14.69,19,207.91,38,Safe
Fruits,112,5.22,30,444.06,112,Moderate Risk
Meat,113,6.08,8,366.08,113,Moderate Risk
Vegetables,166,6.72,14,248.75,166,Moderate Risk
Seafood,157,9.04,23,139.88,157,Safe
Vegetables,28,19.17,16,204.66,28,Safe
Bakery,174,7.7,14,278.29,174,Moderate Risk
Vegetables,27,4.54,19,29.02,27,Safe
Seafood,115,18.25,22,150.86,115,Safe
Vegetables,35,3.83,21,412.98,35,Safe
Meat,135,12.75,9,218.97,135,Safe
Bakery,152,10.84,28,233.78,152,Safe
Vegetables,162,22.76,27,270.25,162,Safe
Fruits,158,17.32,11,305.04,158,Safe
Seafood,145,23.86,6,117.44,145,Moderate Risk
Vegetables,145,9.86,13,66.57,145,Safe
Vegetables,177,21.18,22,164.35,177,Safe
Meat,90,24.01,19,226.39,90,Safe
Vegetables,92,24.91,5,333.38,92,Moderate Risk
Vegetables,139,22.53,11,319.61,139,Safe
Meat,113,6.3,3,480.86,113,Moderate Risk
Fruits,132,23.15,3,395.12,132,Moderate Risk
Seafood,199,10.08,28,409.12,199,Safe
Vegetables,27,10.31,13,225.77,27,Safe
Meat,15,9.16,19,83.81,15,Safe
Meat,150,23.71,28,488.54,150,Safe
Vegetables,90,15.05,26,100.31,90,Safe
Vegetables,98,18.67,1,46.55,98,High Risk
Fruits,36,12.35,30,449.98,36,Safe
Vegetables,70,8.43,12,188.07,70,Safe
Meat,13,1.12,13,224.25,13,Safe
Fruits,27,4.4,5,372.42,27,Moderate Risk
Meat,68,22.16,13,250.41,68,Safe
Fruits,150,23.74,21,84.18,150,Safe
Meat,132,17.39,8,233.79,132,Safe
Fruits,9,7.68,28,459.81,9,Safe
Seafood,64,10.31,28,35.66,64,Safe
Meat,175,22.67,19,260.63,175,Safe
Seafood,173,21.12,29,196.81,173,Safe
Bakery,31,12.91,26,27.48,31,Safe
Meat,106,8.92,19,230.25,106,Safe
Meat,197,15.0,26,249.78,197,Safe
Dairy,98,22.24,28,370.13,98,Safe
Fruits,18,13.3,22,29.27,18,Safe
Fruits,10,14.55,15,73.57,10,Safe
Meat,85,11.73,7,466.91,85,Safe
Meat,170,11.62,10,230.47,170,Safe
Seafood,161,7.05,27,466.23,161,Moderate Risk
Fruits,8,10.31,22,139.43,8,Safe
Dairy,89,20.62,12,342.21,89,Safe
Dairy,155,8.2,4,308.38,155,Moderate Risk
Vegetables,11,8.86,18,394.2,11,Safe
Seafood,108,11.34,17,448.56,108,Safe
Dairy,147,6.0,3,418.27,147,Moderate Risk
Seafood,116,9.17,27,376.7,116,Safe
Seafood,14,1.62,10,471.44,14,Safe
Fruits,168,21.49,15,145.92,168,Safe
Bakery,78,15.07,25,111.01,78,Safe
Dairy,92,11.3,28,226.49,92,Safe
Seafood,176,19.49,27,43.83,176,Safe
Bakery,40,14.37,15,267.35,40,Safe
Fruits,63,11.11,4,290.54,63,Moderate Risk
Bakery,12,23.82,5,154.59,12,Moderate Risk
Bakery,149,5.96,5,489.26,149,Moderate Risk
Fruits,87,19.68,19,86.92,87,Safe
Seafood,85,23.84,8,182.0,85,Safe
Dairy,46,9.04,7,157.44,46,Safe
Seafood,52,5.66,9,73.34,52,Safe
Meat,69,19.11,11,302.78,69,Safe
Meat,183,21.59,13,135.89,183,Safe
Dairy,78,14.44,20,408.12,78,Safe
Dairy,68,12.67,4,190.6,68,Moderate Risk
Fruits,112,5.38,25,439.49,112,Moderate Risk
Seafood,189,20.25,5,415.53,189,Moderate Risk
Bakery,200,14.54,25,205.69,200,Safe
Fruits,192,16.87,6,227.38,192,Moderate Risk
Bakery,177,23.85,9,357.98,177,Safe
Meat,23,9.73,12,36.17,23,Safe
Fruits,127,6.92,25,201.88,127,Moderate Risk
Dairy,7,24.83,8,251.38,7,Safe
Bakery,140,13.21,19,50.89,140,Safe
Seafood,49,11.12,25,333.41,49,Safe
Dairy,119,20.48,25,195.28,119,Safe
Seafood,190,1.47,14,421.46,190,High Risk
Meat,60,16.57,27,492.52,60,Safe
Vegetables,42,11.88,1,122.08,42,High Risk
Seafood,181,2.63,30,249.97,181,High Risk
Seafood,96,12.31,15,325.66,96,Safe
Bakery,195,11.5,4,106.07,195,Moderate Risk
Fruits,43,18.24,12,115.95,43,Safe
Meat,118,22.5,10,302.6,118,Safe
Bakery,108,16.78,19,88.42,108,Safe
Dairy,152,5.03,7,77.17,152,Moderate Risk
Dairy,156,21.06,6,450.49,156,Moderate Risk
Meat,143,1.62,1,323.19,143,High Risk
Bakery,146,1.29,6,34.6,146,High Risk
Meat,185,12.25,23,477.75,185,Safe
Meat,138,10.75,2,488.39,138,High Risk
Bakery,26,14.54,20,223.71,26,Safe
Vegetables,13,19.11,8,408.81,13,Safe
Bakery,42,10.03,22,246.09,42,Safe
Fruits,136,2.13,17,292.73,136,High Risk
Vegetables,115,22.37,17,160.08,115,Safe
Bakery,104,21.48,23,425.7,104,Safe
Bakery,188,23.64,14,194.67,188,Safe
Seafood,192,4.88,2,339.47,192,High Risk
Meat,33,14.79,19,335.12,33,Safe
Dairy,6,16.07,20,179.81,6,Safe
Meat,101,4.73,8,168.9,101,Moderate Risk
Bakery,133,13.99,5,92.57,133,Moderate Risk
Seafood,84,2.95,30,426.73,84,Moderate Risk
Bakery,128,24.07,26,158.43,128,Safe
Bakery,111,6.33,6,285.04,111,Moderate Risk
Bakery,136,22.76,16,340.25,136,Safe
Meat,175,6.56,27,347.53,175,Moderate Risk
Bakery,46,23.27,4,224.27,46,Moderate Risk
Vegetables,124,10.16,24,396.15,124,Safe
Meat,99,15.14,6,261.06,99,Moderate Risk
Fruits,77,5.74,26,391.62,77,Safe
Seafood,147,23.03,20,12.52,147,Safe
Seafood,103,12.96,29,308.55,103,Safe
Fruits,95,9.81,19,446.87,95,Safe
Bakery,159,1.68,9,484.37,159,High Risk
Vegetables,17,18.62,25,13.99,17,Safe
Dairy,58,9.78,11,481.38,58,Safe
Seafood,18,9.33,25,355.41,18,Safe
Seafood,6,2.35,21,170.49,6,Safe
Vegetables,163,4.38,26,68.89,163,High Risk
Vegetables,180,2.57,1,63.86,180,High Risk
Vegetables,93,8.23,15,218.62,93,Safe
Dairy,48,16.42,7,440.97,48,Safe
Seafood,45,12.12,30,397.94,45,Safe
Fruits,129,23.71,23,393.29,129,Safe
Meat,86,12.95,2,338.02,86,High Risk
Bakery,147,17.87,7,57.77,147,Safe
Vegetables,143,14.81,18,89.89,143,Safe
Dairy,180,22.09,17,471.86,180,Safe
Seafood,27,22.53,13,473.85,27,Safe
Vegetables,44,10.09,21,183.83,44,Safe
Vegetables,170,19.06,22,167.34,170,Safe
Fruits,162,21.72,20,442.29,162,Safe
Seafood,124,14.55,8,348.44,124,Safe
Dairy,93,15.25,26,132.2,93,Safe
Seafood,131,14.61,12,306.85,131,Safe
Fruits,143,14.62,29,360.15,143,Safe
Seafood,92,11.19,14,215.7,92,Safe
Dairy,95,12.59,17,37.13,95,Safe
Vegetables,37,13.76,18,232.65,37,Safe
Seafood,22,23.12,26,378.91,22,Safe
Bakery,89,3.89,15,266.96,89,Moderate Risk
Bakery,7,12.53,22,404.3,7,Safe
Bakery,52,3.32,8,98.88,52,Safe
Dairy,103,17.54,24,403.93,103,Safe
Seafood,22,17.22,17,88.56,22,Safe
Dairy,185,13.05,7,143.99,185,Safe
Dairy,44,1.33,19,383.71,44,Safe
Dairy,50,5.88,4,184.78,50,Moderate Risk
Meat,111,21.95,2,250.17,111,High Risk
Vegetables,156,19.3,12,207.73,156,Safe
Dairy,44,3.48,4,347.76,44,Moderate Risk
Fruits,153,9.2,29,411.38,153,Safe
Bakery,169,18.35,27,460.27,169,Safe
Bakery,61,11.45,8,184.49,61,Safe
Vegetables,97,17.21,2,171.25,97,High Risk
Fruits,185,1.09,5,419.9,185,High Risk
Dairy,114,19.39,10,425.84,114,Safe
Vegetables,29,14.91,20,105.36,29,Safe
Fruits,65,2.76,13,363.16,65,Safe
Meat,135,17.07,21,390.59,135,Safe
Dairy,141,19.02,11,76.41,141,Safe
Meat,35,18.44,2,255.95,35,High Risk
Fruits,118,5.32,7,406.12,118,Moderate Risk
Meat,170,22.61,27,152.67,170,Safe
Vegetables,29,10.25,7,155.28,29,Safe
Vegetables,80,1.27,25,151.49,80,Safe
Dairy,143,23.83,10,338.87,143,Safe
Vegetables,79,2.97,19,396.81,79,Safe
Fruits,68,15.75,18,311.43,68,Safe
Meat,139,20.15,30,290.03,139,Safe
Seafood,160,22.17,23,89.27,160,Safe
Bakery,167,5.04,19,164.45,167,Moderate Risk
Meat,139,2.04,28,496.57,139,High Risk
Meat,102,21.96,27,300.58,102,Safe
Dairy,152,12.39,24,207.22,152,Safe
Seafood,103,10.5,21,399.26,103,Safe
Bakery,166,6.65,18,88.0,166,Moderate Risk
Seafood,44,11.3,7,118.68,44,Safe
Meat,62,12.53,16,237.72,62,Safe
Bakery,19,14.79,10,175.24,19,Safe
Dairy,132,16.67,26,140.72,132,Safe
Vegetables,108,19.69,23,327.69,108,Safe
Seafood,155,14.73,23,402.26,155,Safe
Bakery,19,3.04,10,293.91,19,Safe
Fruits,130,14.29,1,376.71,130,High Risk
Fruits,122,1.58,14,202.11,122,High Risk
Seafood,145,6.57,4,391.69,145,Moderate Risk
Seafood,53,4.59,4,23.16,53,Moderate Risk
Vegetables,8,12.36,18,293.77,8,Safe
Vegetables,188,24.25,6,372.66,188,Moderate Risk
Fruits,118,13.22,10,345.02,118,Safe
Fruits,82,12.11,28,339.13,82,Safe
Dairy,40,8.67,26,13.79,40,Safe
Fruits,107,14.08,19,263.79,107,Safe
Vegetables,113,23.38,18,273.79,113,Safe
Dairy,194,16.74,9,251.94,194,Safe
Meat,63,14.39,17,236.46,63,Safe
Vegetables,82,22.77,19,111.83,82,Safe
Bakery,81,8.63,24,351.9,81,Safe
Meat,135,20.68,30,225.25,135,Safe
Meat,118,3.37,3,427.33,118,Moderate Risk
Seafood,174,23.19,1,196.72,174,High Risk
Seafood,120,24.47,21,485.11,120,Safe
Seafood,53,13.24,5,437.23,53,Moderate Risk
Dairy,158,9.78,20,103.26,158,Safe
Meat,89,21.33,2,271.91,89,High Risk
Fruits,58,23.61,30,382.11,58,Safe
Dairy,125,19.45,3,441.76,125,Moderate Risk
Dairy,106,17.4,7,295.73,106,Safe
Seafood,128,15.49,14,269.42,128,Safe
Vegetables,26,19.18,29,209.67,26,Safe
Fruits,60,13.84,1,343.79,60,High Risk
Dairy,95,5.03,29,364.5,95,Moderate Risk
Meat,187,7.99,27,420.75,187,Moderate Risk
Dairy,121,16.05,10,335.71,121,Safe
Vegetables,31,14.17,10,288.91,31,Safe
Vegetables,110,16.43,24,79.35,110,Safe
Dairy,71,6.13,21,488.43,71,Safe
Dairy,60,10.2,6,281.09,60,Moderate Risk
Dairy,173,18.74,9,303.6,173,Safe
Fruits,55,3.02,21,23.69,55,Safe
Dairy,81,7.09,18,212.75,81,Moderate Risk
Vegetables,134,12.79,4,475.94,134,Moderate Risk
Seafood,44,18.81,1,254.27,44,High Risk
Seafood,146,7.24,20,479.28,146,Moderate Risk
Seafood,12,10.67,12,91.84,12,Safe
Dairy,130,5.95,25,317.34,130,Moderate Risk
Vegetables,167,5.09,28,304.61,167,Moderate Risk
Fruits,87,23.74,9,477.34,87,Safe
Dairy,11,24.9,5,258.91,11,Moderate Risk
Vegetables,9,9.57,26,424.82,9,Safe
Dairy,116,12.78,3,74.11,116,Moderate Risk
Dairy,184,19.11,2,270.82,184,High Risk
Dairy,26,21.06,18,177.13,26,Safe
Vegetables,70,19.42,12,251.37,70,Safe
Vegetables,95,22.82,6,57.65,95,Moderate Risk
Bakery,176,22.7,24,76.69,176,Safe
Fruits,76,11.68,23,135.85,76,Safe
Dairy,127,17.3,6,224.55,127,Moderate Risk
Fruits,37,17.43,1,330.73,37,High Risk
Dairy,130,16.97,25,389.81,130,Safe
Seafood,12,18.75,25,477.13,12,Safe
Vegetables,14,18.68,26,166.44,14,Safe
Fruits,135,11.97,2,376.1,135,High Risk
Bakery,195,19.17,15,277.63,195,Safe
Vegetables,117,19.27,22,403.54,117,Safe
Dairy,47,10.0,18,302.99,47,Safe
Bakery,189,21.51,4,193.29,189,Moderate Risk
Bakery,138,14.83,20,191.85,138,Safe
Bakery,102,21.59,4,153.52,102,Moderate Risk
Seafood,186,10.38,26,366.9,186,Safe
Dairy,181,6.86,10,30.14,181,Moderate Risk
Meat,159,17.32,2,192.4,159,High Risk
Vegetables,66,18.64,4,398.72,66,Moderate Risk
Dairy,24,5.75,1,28.01,24,High Risk
Dairy,166,14.4,9,295.93,166,Safe
Vegetables,65,19.4,2,106.49,65,High Risk
Bakery,8,20.88,14,389.79,8,Safe
Seafood,161,13.27,25,305.72,161,Safe
Meat,99,6.74,7,308.62,99,Moderate Risk
Dairy,145,21.25,7,164.75,145,Safe
Vegetables,180,1.88,6,195.95,180,High Risk
Seafood,160,8.28,26,159.05,160,Safe
Seafood,13,22.1,22,330.17,13,Safe
Vegetables,126,13.63,21,205.4,126,Safe
Vegetables,146,10.81,25,189.33,146,Safe
Dairy,159,9.97,2,295.33,159,High Risk
Bakery,33,7.46,23,288.96,33,Safe
Dairy,136,3.87,4,356.99,136,High Risk
Seafood,198,8.97,16,227.8,198,Safe
Bakery,186,6.67,4,161.05,186,Moderate Risk
Vegetables,7,2.18,30,107.33,7,Safe
Vegetables,20,20.46,27,201.91,20,Safe
Bakery,8,14.42,4,116.21,8,Moderate Risk
Meat,26,10.76,28,270.2,26,Safe
Vegetables,14,2.84,1,256.18,14,High Risk
Seafood,84,2.5,26,407.69,84,Moderate Risk
Bakery,57,17.83,11,171.57,57,Safe
Dairy,61,7.15,27,104.98,61,Safe
Seafood,188,3.28,2,463.91,188,High Risk
Fruits,122,14.2,22,323.44,122,Safe
Vegetables,74,8.29,28,83.72,74,Safe
Dairy,199,16.88,9,172.59,199,Safe
Meat,176,6.35,9,183.24,176,Moderate Risk
Fruits,28,18.18,23,331.46,28,Safe
Meat,156,10.84,2,470.17,156,High Risk
Vegetables,74,7.51,26,340.76,74,Safe
Seafood,86,12.13,30,270.21,86,Safe
Fruits,197,9.2,30,298.87,197,Safe
Vegetables,131,7.47,19,388.25,131,Moderate Risk
Dairy,40,9.98,13,173.55,40,Safe
Dairy,187,9.47,22,443.8,187,Safe
Dairy,11,1.1,15,430.73,11,Safe
Meat,23,2.76,30,56.67,23,Safe
Fruits,195,13.76,8,26.74,195,Safe
Fruits,67,4.0,21,77.72,67,Safe
Dairy,106,24.41,28,264.13,106,Safe
Fruits,170,12.69,9,165.13,170,Safe
Vegetables,7,9.26,4,298.71,7,Moderate Risk
Seafood,13,19.77,24,22.85,13,Safe
Dairy,39,24.84,4,168.74,39,Moderate Risk
Vegetables,133,24.25,4,184.48,133,Moderate Risk
Vegetables,112,20.71,27,314.87,112,Safe
Bakery,163,12.06,11,289.62,163,Safe
Bakery,52,11.07,1,307.61,52,High Risk
Seafood,183,1.41,6,187.69,183,High Risk
Bakery,159,19.1,4,161.25,159,Moderate Risk
Fruits,75,16.99,6,460.32,75,Moderate Risk
Fruits,33,17.02,17,31.35,33,Safe
Vegetables,158,10.88,30,457.86,158,Safe
Vegetables,162,19.97,26,222.39,162,Safe
Meat,131,23.79,21,222.32,131,Safe
Seafood,75,11.54,11,475.52,75,Safe
Fruits,51,13.24,18,434.1,51,Safe
Dairy,44,23.3,11,140.78,44,Safe
Meat,142,6.45,24,444.69,142,Moderate Risk
Fruits,30,18.68,24,305.63,30,Safe
Seafood,27,8.97,13,442.3,27,Safe
Dairy,184,15.1,5,48.12,184,Moderate Risk
Seafood,194,18.81,4,426.27,194,Moderate Risk
Fruits,83,9.27,14,477.99,83,Safe
Dairy,181,1.52,23,281.94,181,High Risk
Bakery,137,3.82,25,266.75,137,High Risk
Dairy,92,15.09,26,214.47,92,Safe
Dairy,13,11.82,17,424.34,13,Safe
Fruits,89,21.43,16,285.7,89,Safe
Vegetables,35,9.87,12,466.04,35,Safe
Dairy,153,7.53,4,292.78,153,Moderate Risk
Seafood,131,13.03,19,138.38,131,Safe
Vegetables,128,11.32,21,74.83,128,Safe
Dairy,37,3.34,9,102.22,37,Safe
Meat,114,11.03,2,298.85,114,High Risk
Meat,112,22.2,29,468.6,112,Safe
Seafood,77,12.54,11,209.74,77,Safe
Seafood,84,2.39,25,356.69,84,Moderate Risk
Meat,161,6.62,6,218.29,161,Moderate Risk
Dairy,173,5.77,11,313.53,173,Moderate Risk
Dairy,173,20.31,13,184.32,173,Safe
Vegetables,134,2.12,21,336.29,134,High Risk
Bakery,196,1.67,23,398.19,196,High Risk
Seafood,83,23.31,10,377.87,83,Safe
Vegetables,83,19.9,3,285.23,83,Moderate Risk
Seafood,95,23.91,9,135.48,95,Safe
Dairy,5,6.16,30,217.88,5,Safe
Dairy,153,12.27,12,162.97,153,Safe
Dairy,104,2.83,4,486.95,104,Moderate Risk
Dairy,52,5.51,22,444.48,52,Safe
Bakery,41,16.65,20,233.03,41,Safe
Fruits,106,9.52,14,422.41,106,Safe
Vegetables,40,15.36,30,116.5,40,Safe
Bakery,115,8.4,30,269.48,115,Safe
Bakery,69,16.85,22,215.24,69,Safe
Fruits,146,10.44,26,58.71,146,Safe
Meat,133,21.36,18,182.07,133,Safe
Fruits,174,24.3,7,387.21,174,Safe
Fruits,103,24.2,16,41.85,103,Safe
Bakery,74,6.65,15,486.85,74,Safe
Bakery,73,24.78,1,214.65,73,High Risk
Vegetables,166,1.12,4,468.36,166,High Risk
Vegetables,183,5.37,22,127.01,183,Moderate Risk
Vegetables,137,11.33,9,281.25,137,Safe
Fruits,115,17.73,27,464.74,115,Safe
Bakery,142,4.17,7,194.98,142,High Risk
Seafood,98,6.22,25,429.73,98,Moderate Risk
Meat,133,21.12,9,259.04,133,Safe
Dairy,154,7.93,16,315.34,154,Moderate Risk
Bakery,189,9.54,2,48.86,189,High Risk
Meat,181,17.27,13,63.15,181,Safe
Meat,143,23.01,15,82.77,143,Safe
Bakery,107,5.43,11,83.37,107,Moderate Risk
Meat,10,13.88,10,55.2,10,Safe
Meat,135,4.64,15,319.98,135,High Risk
Dairy,53,7.14,14,36.11,53,Safe
Bakery,95,3.86,25,331.92,95,Moderate Risk
Vegetables,188,1.52,17,89.79,188,High Risk
Fruits,49,17.64,22,420.28,49,Safe
Meat,151,9.93,1,307.44,151,High Risk
Vegetables,177,5.09,5,214.94,177,Moderate Risk
Seafood,140,24.93,24,202.23,140,Safe
Vegetables,181,4.9,4,449.27,181,High Risk
Dairy,139,2.15,5,398.7,139,High Risk
Fruits,38,1.45,24,234.28,38,Safe
Bakery,28,17.97,5,126.9,28,Moderate Risk
Dairy,186,15.24,22,456.18,186,Safe
Seafood,148,15.71,15,483.55,148,Safe
Bakery,194,17.06,4,288.24,194,Moderate Risk
Seafood,154,13.46,13,437.36,154,Safe
Bakery,26,3.49,5,38.8,26,Moderate Risk
Seafood,177,9.55,12,93.65,177,Safe
Seafood,189,22.41,10,230.74,189,Safe
Vegetables,118,22.7,19,246.86,118,Safe
Fruits,186,23.55,11,52.62,186,Safe
Bakery,51,17.69,27,112.11,51,Safe
Bakery,58,6.99,8,445.91,58,Safe
Bakery,50,6.48,10,480.09,50,Safe
Seafood,154,4.67,2,94.61,154,High Risk
Meat,61,9.98,28,244.48,61,Safe
Bakery,102,14.59,19,66.62,102,Safe
Fruits,79,17.21,7,281.14,79,Safe
Seafood,89,2.37,17,189.77,89,Moderate Risk
Vegetables,162,21.66,26,402.2,162,Safe
Seafood,22,24.73,29,480.39,22,Safe
Meat,185,23.16,23,190.56,185,Safe
Seafood,73,2.28,7,145.52,73,Safe
Fruits,116,9.0,28,102.89,116,Safe
Fruits,114,14.66,22,23.73,114,Safe
Meat,19,15.55,27,330.51,19,Safe
Meat,171,3.31,14,130.99,171,High Risk
Bakery,184,17.92,10,179.94,184,Safe
Bakery,120,3.21,11,243.7,120,Moderate Risk
Dairy,77,24.83,18,252.33,77,Safe
Fruits,179,1.09,18,337.85,179,High Risk
Dairy,59,18.36,27,277.61,59,Safe
Vegetables,114,4.74,16,155.99,114,Moderate Risk
Bakery,136,14.72,19,328.82,136,Safe
Vegetables,110,19.14,28,281.0,110,Safe
Meat,103,7.07,25,75.42,103,Moderate Risk
Meat,136,14.67,18,56.22,136,Safe
Meat,126,24.88,7,26.52,126,Safe
Dairy,193,15.19,3,110.73,193,Moderate Risk
Bakery,140,21.86,13,395.86,140,Safe
Seafood,51,21.05,29,249.04,51,Safe
Bakery,104,6.75,3,77.84,104,Moderate Risk
Meat,125,4.46,12,405.38,125,High Risk
Vegetables,57,13.31,19,419.71,57,Safe
Fruits,122,17.64,16,361.83,122,Safe
Dairy,140,15.28,2,289.78,140,High Risk
Dairy,95,11.49,22,250.73,95,Safe
Vegetables,18,9.82,8,456.85,18,Safe
Fruits,143,20.25,22,245.2,143,Safe
Vegetables,164,13.03,4,262.82,164,Moderate Risk
Bakery,198,11.57,16,20.14,198,Safe
Fruits,195,16.4,16,13.05,195,Safe
Meat,93,3.25,25,186.84,93,Moderate Risk
Vegetables,91,18.36,18,303.26,91,Safe
Vegetables,147,22.69,18,173.3,147,Safe
Fruits,141,24.83,10,371.49,141,Safe
Seafood,32,3.98,9,229.85,32,Safe
Seafood,6,8.71,17,141.07,6,Safe
Meat,125,2.84,5,249.8,125,High Risk
Fruits,86,8.28,11,255.58,86,Safe
Fruits,41,13.34,22,154.18,41,Safe
Dairy,166,14.3,11,84.15,166,Safe
Vegetables,58,15.64,15,164.84,58,Safe
Dairy,193,21.92,21,360.86,193,Safe
Dairy,187,19.18,2,173.75,187,High Risk
Meat,28,8.64,6,264.65,28,Moderate Risk
Fruits,66,2.97,28,328.85,66,Safe
Seafood,122,17.95,21,379.55,122,Safe
Seafood,39,4.5,2,202.17,39,High Risk
Dairy,86,11.41,22,15.34,86,Safe
Dairy,129,21.03,25,70.64,129,Safe
Dairy,41,1.68,27,485.54,41,Safe
Meat,72,18.41,13,342.95,72,Safe
Seafood,145,4.08,17,220.69,145,High Risk
Meat,51,11.89,3,383.7,51,Moderate Risk
Bakery,172,22.88,25,374.15,172,Safe
Meat,90,8.5,14,29.08,90,Safe
Seafood,103,14.37,9,296.87,103,Safe
Seafood,87,18.69,1,144.53,87,High Risk
Vegetables,197,16.37,29,67.09,197,Safe
Vegetables,141,14.3,14,184.97,141,Safe
Dairy,126,24.72,2,295.32,126,High Risk
Bakery,118,13.72,6,402.14,118,Moderate Risk
Seafood,175,4.23,28,152.41,175,High Risk
Seafood,144,8.58,7,246.67,144,Safe
Vegetables,149,19.64,27,173.06,149,Safe
Bakery,167,23.68,12,80.26,167,Safe
Vegetables,36,13.48,28,433.99,36,Safe
Seafood,168,21.06,18,424.69,168,Safe
Vegetables,197,18.55,27,413.64,197,Safe
Fruits,178,21.52,30,386.03,178,Safe
Bakery,145,12.44,3,437.52,145,Moderate Risk
Meat,128,7.61,19,207.87,128,Moderate Risk
Fruits,62,15.85,29,202.17,62,Safe
Fruits,39,18.97,13,422.05,39,Safe
Meat,175,17.51,14,388.7,175,Safe
Seafood,114,8.0,7,115.51,114,Safe
Meat,71,9.34,23,88.98,71,Safe
Bakery,142,6.94,27,43.27,142,Moderate Risk
Meat,141,12.98,19,220.7,141,Safe
Vegetables,58,4.15,14,316.46,58,Safe
Vegetables,67,13.35,21,331.33,67,Safe
Dairy,99,19.9,14,147.6,99,Safe
Bakery,19,11.27,14,221.96,19,Safe
Fruits,128,20.33,5,93.61,128,Moderate Risk
Dairy,93,15.77,13,31.84,93,Safe
Bakery,144,16.39,13,204.74,144,Safe
Dairy,112,20.18,4,407.62,112,Moderate Risk
Seafood,91,5.54,7,484.35,91,Moderate Risk
Seafood,199,24.37,11,218.7,199,Safe
Dairy,94,9.29,20,283.71,94,Safe
Bakery,165,23.45,29,57.86,165,Safe
Dairy,62,20.02,6,112.55,62,Moderate Risk
Vegetables,118,12.75,30,262.27,118,Safe
Bakery,86,5.34,29,179.69,86,Moderate Risk
Fruits,121,21.77,11,495.49,121,Safe
Seafood,44,2.29,15,157.3,44,Safe
Dairy,188,14.75,6,13.71,188,Moderate Risk
Seafood,110,9.79,24,58.85,110,Safe
Dairy,148,7.12,16,463.59,148,Moderate Risk
Meat,14,6.26,4,274.58,14,Moderate Risk
Dairy,33,8.69,26,445.61,33,Safe
Fruits,185,6.33,26,183.08,185,Moderate Risk
Fruits,129,8.2,13,30.82,129,Safe
Seafood,97,6.53,22,118.92,97,Moderate Risk
Meat,105,5.35,19,463.82,105,Moderate Risk
Dairy,192,23.71,4,140.27,192,Moderate Risk
Dairy,30,6.54,11,324.22,30,Safe
Bakery,64,19.28,3,123.35,64,Moderate Risk
Dairy,174,22.57,22,273.24,174,Safe
Vegetables,59,12.57,17,69.76,59,Safe
Dairy,104,3.57,8,336.71,104,Moderate Risk
Meat,33,10.24,2,318.26,33,High Risk
Fruits,182,19.48,8,59.74,182,Safe
Seafood,72,15.95,30,210.66,72,Safe
Meat,99,24.37,18,206.71,99,Safe
Vegetables,69,9.69,8,16.01,69,Safe
Fruits,76,4.18,4,490.44,76,Moderate Risk
Bakery,96,18.31,20,99.48,96,Safe
Dairy,43,23.85,23,203.13,43,Safe
Meat,17,17.37,17,183.69,17,Safe
Meat,146,21.89,3,299.63,146,Moderate Risk
Vegetables,44,21.09,23,212.79,44,Safe
Fruits,88,8.05,30,211.57,88,Safe
Meat,41,15.08,2,60.61,41,High Risk
Dairy,67,23.8,21,211.61,67,Safe
Meat,147,18.29,15,350.8,147,Safe
Seafood,81,1.68,29,148.04,81,Moderate Risk
Seafood,140,21.65,3,301.72,140,Moderate Risk
Dairy,134,5.05,14,398.02,134,Moderate Risk
Meat,10,24.83,16,338.6,10,Safe
Fruits,200,21.32,23,91.85,200,Safe
Dairy,76,13.28,21,135.82,76,Safe
Bakery,164,22.43,21,340.17,164,Safe
Seafood,85,24.16,22,285.39,85,Safe
Dairy,27,10.79,30,492.38,27,Safe
Seafood,55,11.79,13,442.17,55,Safe
Vegetables,85,17.31,1,175.87,85,High Risk
Dairy,147,14.82,5,394.16,147,Moderate Risk
Vegetables,71,8.01,30,450.88,71,Safe
Meat,198,14.99,23,431.29,198,Safe
Seafood,169,13.16,29,27.23,169,Safe
Dairy,107,21.86,2,163.14,107,High Risk
Dairy,171,11.87,10,364.44,171,Safe
Dairy,77,2.52,26,159.48,77,Safe
Dairy,117,5.69,25,234.03,117,Moderate Risk
Meat,35,14.25,24,392.74,35,Safe
Vegetables,191,19.88,8,338.65,191,Safe
Bakery,65,16.01,23,146.09,65,Safe
Fruits,145,9.34,24,213.12,145,Safe
Dairy,8,13.44,28,450.88,8,Safe
Meat,165,23.38,30,54.14,165,Safe
Bakery,110,14.14,30,320.45,110,Safe
Dairy,85,12.21,7,487.36,85,Safe
Meat,157,3.13,17,442.06,157,High Risk
Dairy,185,9.38,9,422.11,185,Safe
Fruits,186,18.2,28,153.63,186,Safe
Dairy,123,13.24,20,65.0,123,Safe
Meat,43,17.19,29,364.46,43,Safe
Fruits,169,23.96,27,455.77,169,Safe
Fruits,137,6.4,23,457.83,137,Moderate Risk
Fruits,95,16.6,9,200.09,95,Safe
Vegetables,104,21.7,23,485.87,104,Safe
Dairy,87,9.78,8,26.1,87,Safe
Bakery,17,2.52,3,78.97,17,Moderate Risk
Bakery,104,23.85,17,76.76,104,Safe
Fruits,17,21.95,9,197.33,17,Safe
Dairy,199,4.11,21,383.84,199,High Risk
Bakery,71,1.73,14,286.4,71,Safe
Seafood,196,2.98,6,188.92,196,High Risk
Seafood,63,19.22,22,75.33,63,Safe
Bakery,152,23.81,25,486.05,152,Safe
Meat,45,17.85,29,219.98,45,Safe
Fruits,43,18.39,14,335.63,43,Safe
Fruits,80,5.36,20,15.34,80,Safe
Bakery,40,7.96,3,161.11,40,Moderate Risk
Vegetables,119,12.45,18,426.98,119,Safe
Bakery,200,17.11,15,148.26,200,Safe
Meat,178,23.05,1,260.67,178,High Risk
Fruits,105,3.84,16,332.4,105,Moderate Risk
Fruits,159,17.23,4,409.22,159,Moderate Risk
Dairy,51,13.19,13,67.01,51,Safe
Dairy,188,12.27,10,418.27,188,Safe
Seafood,108,21.98,12,283.58,108,Safe
Dairy,152,21.68,10,415.26,152,Safe
Fruits,125,12.15,22,180.22,125,Safe
Dairy,68,24.97,9,93.37,68,Safe
Vegetables,43,17.16,18,248.35,43,Safe
Fruits,12,4.51,5,244.65,12,Moderate Risk
Seafood,99,23.93,4,264.0,99,Moderate Risk
Seafood,104,2.26,11,295.16,104,Moderate Risk
Meat,78,13.73,5,290.31,78,Moderate Risk
Seafood,85,10.17,7,46.02,85,Safe
Dairy,86,20.83,2,146.4,86,High Risk
Bakery,176,3.34,5,364.13,176,High Risk
Dairy,140,23.67,20,207.18,140,Safe
Seafood,145,9.41,30,437.26,145,Safe
Bakery,134,5.85,9,51.46,134,Moderate Risk
Vegetables,31,16.94,22,432.0,31,Safe
Meat,132,4.24,8,162.3,132,High Risk
Vegetables,34,5.72,8,52.64,34,Safe
Seafood,180,23.7,4,428.21,180,Moderate Risk
Dairy,10,20.04,14,225.05,10,Safe
Seafood,82,19.61,2,397.93,82,High Risk
Vegetables,103,22.79,23,300.63,103,Safe
Seafood,143,12.35,17,279.66,143,Safe
Fruits,55,10.38,14,428.97,55,Safe
Seafood,183,11.55,28,302.68,183,Safe
Fruits,119,6.46,26,221.96,119,Moderate Risk
Vegetables,89,1.13,27,243.48,89,Moderate Risk
Meat,126,20.46,11,197.97,126,Safe
Fruits,154,4.06,3,321.32,154,High Risk
Vegetables,105,12.24,24,131.58,105,Safe
Meat,120,12.11,30,201.15,120,Safe
Bakery,141,8.45,15,394.48,141,Safe
Seafood,29,18.2,9,158.46,29,Safe
Seafood,5,10.36,9,56.92,5,Safe
Seafood,138,10.93,16,177.22,138,Safe
Vegetables,16,16.44,5,203.56,16,Moderate Risk
Bakery,36,11.75,6,348.41,36,Moderate Risk
Vegetables,116,6.82,2,433.93,116,High Risk
Vegetables,178,24.78,9,454.93,178,Safe
Bakery,177,1.51,10,87.37,177,High Risk
Dairy,25,22.93,18,352.21,25,Safe
Seafood,61,21.86,28,330.12,61,Safe
Seafood,194,12.11,23,49.12,194,Safe
Vegetables,93,12.4,7,24.75,93,Safe
Bakery,145,19.03,18,294.25,145,Safe
Dairy,12,10.64,10,30.52,12,Safe
Meat,54,17.16,27,364.36,54,Safe
Meat,152,24.4,26,268.7,152,Safe
Dairy,71,5.21,30,57.46,71,Safe
Bakery,119,16.94,9,446.19,119,Safe
Seafood,197,4.31,12,353.07,197,High Risk
Seafood,178,8.14,17,36.97,178,Safe
Bakery,188,14.89,14,476.13,188,Safe
Fruits,131,13.31,28,331.61,131,Safe
Bakery,19,7.14,27,114.23,19,Safe
Seafood,35,18.96,19,428.1,35,Safe
Seafood,79,19.45,10,331.72,79,Safe
Vegetables,78,7.07,3,117.73,78,Moderate Risk
Dairy,10,13.96,14,192.64,10,Safe
Dairy,49,22.93,27,281.99,49,Safe
Vegetables,157,16.13,26,390.95,157,Safe
Bakery,117,21.53,13,78.34,117,Safe
Seafood,26,17.94,28,195.32,26,Safe
Meat,149,13.62,23,389.54,149,Safe
Meat,99,17.43,14,476.15,99,Safe
Meat,179,21.81,30,495.34,179,Safe
Fruits,22,14.12,3,255.6,22,Moderate Risk
Bakery,153,9.12,9,331.65,153,Safe
Dairy,75,20.31,12,294.81,75,Safe
Meat,37,22.22,12,294.08,37,Safe
Fruits,49,12.48,16,221.41,49,Safe
Seafood,48,18.51,19,104.82,48,Safe
Fruits,67,1.38,22,398.16,67,Safe
Dairy,53,11.95,30,494.56,53,Safe
Seafood,103,22.86,20,333.29,103,Safe
Fruits,92,11.83,4,128.28,92,Moderate Risk
Seafood,190,1.51,25,91.03,190,High Risk
Fruits,49,21.02,18,182.0,49,Safe
Bakery,91,14.52,12,24.15,91,Safe
Dairy,157,10.91,24,471.44,157,Safe
Meat,145,17.92,10,32.03,145,Safe
Vegetables,155,17.12,20,477.66,155,Safe
Bakery,118,20.3,29,308.94,118,Safe
Meat,56,19.47,17,232.58,56,Safe
Dairy,90,13.14,19,413.28,90,Safe
Dairy,39,1.16,22,142.4,39,Safe
Dairy,156,23.42,1,459.66,156,High Risk
Dairy,45,1.42,18,360.13,45,Safe
Fruits,55,1.1,12,389.05,55,Safe
Dairy,84,15.05,4,401.56,84,Moderate Risk
Vegetables,191,9.52,26,116.58,191,Safe
Bakery,140,14.41,6,266.68,140,Moderate Risk
Dairy,140,12.71,20,85.1,140,Safe
Dairy,80,19.04,8,388.2,80,Safe
Dairy,48,22.81,7,41.96,48,Safe
Seafood,163,1.84,16,466.61,163,High Risk
Meat,32,11.32,22,15.8,32,Safe
Meat,139,9.83,7,203.0,139,Safe
Seafood,196,13.72,19,372.98,196,Safe
Seafood,25,7.15,8,426.25,25,Safe
Bakery,81,21.88,8,432.67,81,Safe
Vegetables,114,18.87,16,412.75,114,Safe
Bakery,16,11.48,22,129.41,16,Safe
Meat,91,5.36,26,121.04,91,Moderate Risk
Seafood,79,10.28,12,80.48,79,Safe
Dairy,95,15.41,8,79.5,95,Safe
Bakery,194,4.62,4,245.73,194,High Risk
Fruits,169,24.41,6,109.71,169,Moderate Risk
Vegetables,34,12.35,6,161.13,34,Moderate Risk
Bakery,57,6.24,4,336.05,57,Moderate Risk
Vegetables,11,23.42,21,153.32,11,Safe
Meat,80,21.57,20,399.47,80,Safe
Dairy,54,6.03,15,35.21,54,Safe
Meat,133,3.47,23,220.87,133,High Risk
Seafood,140,10.14,13,361.72,140,Safe
Vegetables,32,23.62,5,394.56,32,Moderate Risk
Seafood,97,3.97,29,475.27,97,Moderate Risk
Fruits,169,15.29,24,435.87,169,Safe
Bakery,141,5.71,9,417.41,141,Moderate Risk
Dairy,47,21.7,5,430.2,47,Moderate Risk
Vegetables,174,22.05,15,258.04,174,Safe
Seafood,190,16.92,25,337.21,190,Safe
Bakery,154,17.08,19,372.94,154,Safe
Bakery,151,20.19,15,385.65,151,Safe
Vegetables,44,7.16,10,78.57,44,Safe
Fruits,115,7.41,10,427.98,115,Moderate Risk
Meat,26,6.81,3,463.57,26,Moderate Risk
Fruits,58,16.3,7,84.99,58,Safe
Vegetables,189,3.7,7,384.49,189,High Risk
Vegetables,30,13.32,15,398.25,30,Safe
Fruits,29,15.73,17,400.08,29,Safe
Bakery,174,23.55,14,57.86,174,Safe
Fruits,86,6.31,23,457.25,86,Moderate Risk
Dairy,197,15.22,15,89.23,197,Safe
Dairy,79,18.41,4,14.81,79,Moderate Risk
Fruits,179,5.09,7,252.88,179,Moderate Risk
Bakery,140,19.77,27,345.19,140,Safe
Seafood,47,10.03,3,89.15,47,Moderate Risk
Dairy,152,1.02,13,217.95,152,High Risk
Vegetables,5,23.34,6,383.77,5,Moderate Risk
Seafood,166,3.7,22,435.67,166,High Risk
Dairy,168,15.97,2,446.49,168,High Risk
Vegetables,93,15.52,9,106.31,93,Safe
Dairy,87,14.59,22,16.65,87,Safe
Dairy,148,14.74,2,233.01,148,High Risk
Fruits,119,10.04,19,378.99,119,Safe
Vegetables,78,4.3,10,171.17,78,Safe
Vegetables,159,8.14,30,96.09,159,Safe
Vegetables,129,4.63,7,392.34,129,High Risk
Vegetables,11,12.25,21,112.97,11,Safe
Vegetables,116,1.04,12,275.29,116,Moderate Risk
Bakery,31,17.04,6,109.37,31,Moderate Risk
Seafood,81,7.87,8,135.2,81,Moderate Risk
Fruits,15,5.06,17,54.72,15,Safe
Bakery,198,4.51,30,397.37,198,High Risk
Bakery,176,23.68,4,478.86,176,Moderate Risk
Meat,6,9.24,26,19.61,6,Safe
Meat,100,20.71,27,224.58,100,Safe
Seafood,43,5.5,6,132.65,43,Moderate Risk
Dairy,7,14.7,12,392.86,7,Safe
Fruits,194,19.85,5,87.15,194,Moderate Risk
Vegetables,151,1.11,18,143.27,151,High Risk
Seafood,156,5.52,7,333.05,156,Moderate Risk
Bakery,110,6.23,25,488.64,110,Moderate Risk
Seafood,199,2.15,19,167.08,199,High Risk
Bakery,14,24.87,15,90.93,14,Safe
Seafood,185,1.51,24,409.94,185,High Risk
Fruits,110,23.47,3,417.17,110,Moderate Risk
Bakery,35,12.34,20,463.71,35,Safe
Vegetables,18,21.44,1,195.44,18,High Risk
Vegetables,39,15.49,12,244.47,39,Safe
Vegetables,200,24.71,8,162.89,200,Safe
Vegetables,122,23.08,11,106.66,122,Safe
Dairy,134,13.52,19,192.62,134,Safe
Vegetables,20,14.41,20,250.81,20,Safe
Vegetables,26,5.49,17,60.0,26,Safe
Dairy,50,2.91,8,406.09,50,Safe
Seafood,82,10.99,18,141.88,82,Safe
Fruits,38,16.52,30,392.06,38,Safe
Vegetables,68,3.62,19,217.65,68,Safe
Fruits,55,9.83,28,13.49,55,Safe
Seafood,153,23.79,13,88.85,153,Safe
Dairy,6,19.62,21,73.65,6,Safe
Meat,95,19.56,26,244.27,95,Safe
Dairy,136,4.67,25,223.63,136,High Risk
Dairy,157,14.31,1,220.82,157,High Risk
Meat,109,1.83,9,173.49,109,Moderate Risk
Meat,87,6.09,20,65.88,87,Moderate Risk
Seafood,43,5.72,7,454.93,43,Safe
Fruits,77,23.06,3,38.68,77,Moderate Risk
Bakery,77,5.77,10,379.82,77,Safe
Dairy,154,8.7,7,33.42,154,Safe
Meat,152,13.57,11,453.89,152,Safe
Dairy,132,21.33,11,439.13,132,Safe
Seafood,12,9.58,15,430.02,12,Safe
Seafood,67,8.75,14,336.77,67,Safe
Meat,166,21.68,1,344.1,166,High Risk
Meat,34,17.58,20,78.21,34,Safe
Seafood,49,18.56,1,494.9,49,High Risk
Dairy,12,17.63,6,219.95,12,Moderate Risk
Seafood,99,3.67,30,121.87,99,Moderate Risk
Dairy,56,12.97,21,165.83,56,Safe
Bakery,79,9.07,5,130.38,79,Moderate Risk
Meat,158,5.45,3,160.71,158,Moderate Risk
Dairy,29,12.19,24,290.81,29,Safe
Meat,30,15.78,3,362.65,30,Moderate Risk
Bakery,52,21.5,18,124.07,52,Safe
Meat,139,15.56,15,252.5,139,Safe
Vegetables,57,22.47,6,168.06,57,Moderate Risk
Meat,157,16.42,13,358.01,157,Safe
Bakery,43,2.81,5,444.74,43,Moderate Risk
Vegetables,60,5.3,8,101.05,60,Safe
Seafood,79,3.59,25,484.41,79,Safe
Fruits,133,21.84,24,200.35,133,Safe
Dairy,70,13.27,11,342.26,70,Safe
Meat,38,20.9,15,270.7,38,Safe
Bakery,11,10.32,10,42.16,11,Safe
Dairy,119,5.66,24,293.28,119,Moderate Risk
Meat,104,1.13,16,277.18,104,Moderate Risk
Meat,199,24.21,26,415.67,199,Safe
Vegetables,129,14.76,17,297.22,129,Safe
Meat,80,20.71,30,231.92,80,Safe
Fruits,71,17.73,18,10.2,71,Safe
Seafood,191,4.66,17,454.37,191,High Risk
Fruits,9,2.87,25,55.77,9,Safe
Bakery,181,5.21,15,460.77,181,Moderate Risk
Fruits,147,4.85,11,17.99,147,High Risk
Meat,23,8.85,7,147.36,23,Safe
Vegetables,25,17.49,5,95.84,25,Moderate Risk
Fruits,190,22.23,27,417.17,190,Safe
Dairy,116,12.96,29,493.72,116,Safe
Seafood,140,7.82,28,438.85,140,Moderate Risk
Bakery,175,6.89,4,109.49,175,Moderate Risk
Dairy,50,2.26,9,103.07,50,Safe
Vegetables,193,19.64,8,319.63,193,Safe
Bakery,26,4.38,9,173.35,26,Safe
Dairy,172,22.59,5,479.21,172,Moderate Risk
Fruits,172,13.97,25,476.82,172,Safe
Fruits,28,4.63,30,277.0,28,Safe
Fruits,180,5.74,10,84.81,180,Moderate Risk
Meat,138,8.85,20,400.34,138,Safe
Bakery,79,22.46,24,365.97,79,Safe
Seafood,45,6.66,4,486.65,45,Moderate Risk
Bakery,187,5.33,15,434.81,187,Moderate Risk
Dairy,133,5.79,21,375.44,133,Moderate Risk
Vegetables,164,10.05,20,478.16,164,Safe
Fruits,178,4.81,26,408.56,178,High Risk
Dairy,153,5.81,20,308.73,153,Moderate Risk
Bakery,180,24.62,22,297.91,180,Safe
Bakery,58,7.49,19,225.21,58,Safe
Seafood,167,17.47,22,149.56,167,Safe
Bakery,25,12.24,15,191.71,25,Safe
Vegetables,107,2.82,10,136.11,107,Moderate Risk
Vegetables,172,1.18,5,58.55,172,High Risk
Dairy,173,4.22,6,380.71,173,High Risk
Bakery,10,23.13,6,83.25,10,Moderate Risk
Vegetables,80,7.65,22,323.89,80,Safe
Meat,196,15.44,23,35.29,196,Safe
Vegetables,168,11.13,28,191.43,168,Safe
Fruits,35,21.78,14,71.73,35,Safe
Meat,178,12.23,22,284.16,178,Safe
Fruits,83,21.01,23,379.59,83,Safe
Vegetables,25,17.27,7,271.58,25,Safe
Bakery,127,12.93,29,130.83,127,Safe
Vegetables,142,19.13,7,35.43,142,Safe
Fruits,84,9.82,1,95.46,84,High Risk
Vegetables,130,23.03,16,313.21,130,Safe
Fruits,116,23.65,21,262.72,116,Safe
Seafood,189,6.44,28,400.69,189,Moderate Risk
Seafood,46,5.4,30,252.87,46,Safe
Vegetables,184,3.13,14,153.94,184,High Risk
Bakery,192,8.89,11,115.52,192,Safe
Dairy,81,24.73,16,255.83,81,Safe
Seafood,120,14.01,13,280.93,120,Safe
Seafood,63,13.87,25,214.76,63,Safe
Meat,159,17.55,27,311.17,159,Safe
Vegetables,155,21.46,29,378.37,155,Safe
Dairy,176,12.7,27,220.64,176,Safe
Seafood,52,23.02,7,172.28,52,Safe
Vegetables,159,11.83,22,144.59,159,Safe
Bakery,41,17.21,16,361.8,41,Safe
Meat,79,10.02,15,344.16,79,Safe
Dairy,92,8.02,28,78.38,92,Safe
Vegetables,167,13.63,11,158.52,167,Safe
Vegetables,105,24.37,15,350.54,105,Safe
Dairy,49,11.82,9,457.0,49,Safe
Vegetables,177,5.93,16,67.01,177,Moderate Risk
Bakery,171,8.22,19,47.57,171,Safe
Vegetables,45,12.86,12,438.06,45,Safe
Bakery,86,19.79,13,358.88,86,Safe
Fruits,140,2.98,23,98.55,140,High Risk
Fruits,96,17.21,1,84.48,96,High Risk
Vegetables,95,23.91,12,348.79,95,Safe
Seafood,63,11.29,2,50.1,63,High Risk
Dairy,6,1.24,2,239.66,6,High Risk
Bakery,192,22.9,24,449.42,192,Safe
Bakery,56,1.69,20,39.48,56,Safe
Dairy,108,10.83,7,448.57,108,Safe
Vegetables,182,20.35,24,104.27,182,Safe
Bakery,66,18.09,21,345.48,66,Safe
Vegetables,33,4.8,18,495.66,33,Safe
Seafood,129,24.35,10,123.78,129,Safe
Seafood,42,7.44,21,390.02,42,Safe
Dairy,181,10.02,7,437.0,181,Safe
Dairy,185,9.49,28,138.12,185,Safe
Bakery,152,15.97,21,304.15,152,Safe
Meat,71,5.62,26,215.44,71,Safe
Dairy,195,10.6,10,77.17,195,Safe
Fruits,71,8.02,25,22.57,71,Safe
Seafood,50,12.54,28,282.74,50,Safe
Meat,46,15.44,28,145.86,46,Safe
Vegetables,95,22.07,22,223.13,95,Safe
Vegetables,159,15.85,8,476.19,159,Safe
Meat,195,7.28,8,94.51,195,Moderate Risk
Dairy,135,2.46,17,193.63,135,High Risk
Meat,71,24.99,10,347.03,71,Safe
Fruits,192,6.9,17,408.92,192,Moderate Risk
Meat,26,16.63,10,90.81,26,Safe
Seafood,138,23.75,16,19.3,138,Safe
Fruits,160,18.92,26,17.58,160,Safe
Bakery,196,23.72,26,478.64,196,Safe
Dairy,187,10.66,7,114.17,187,Safe
Bakery,132,2.76,17,373.68,132,High Risk
Bakery,152,17.51,23,96.74,152,Safe
Meat,98,15.07,8,56.79,98,Safe
Vegetables,33,11.48,11,332.94,33,Safe
Bakery,132,8.02,11,52.05,132,Safe
Meat,16,17.86,1,60.73,16,High Risk
Bakery,98,20.03,28,85.15,98,Safe
Meat,147,10.91,24,431.12,147,Safe
Dairy,193,21.72,17,483.45,193,Safe
Meat,192,14.46,30,274.96,192,Safe
Meat,6,22.0,27,298.77,6,Safe
Vegetables,103,10.73,25,149.34,103,Safe
Vegetables,113,24.73,19,472.87,113,Safe
Meat,79,8.02,6,446.21,79,Moderate Risk
Seafood,141,13.14,5,276.52,141,Moderate Risk
Bakery,58,18.61,26,373.82,58,Safe
Bakery,165,9.75,20,179.84,165,Safe
Vegetables,151,4.87,4,466.02,151,High Risk
Bakery,27,11.93,22,33.01,27,Safe
Vegetables,24,7.13,5,70.69,24,Moderate Risk
Fruits,131,15.87,30,241.96,131,Safe
Seafood,83,14.59,24,489.22,83,Safe
Bakery,166,2.78,22,90.36,166,High Risk
Dairy,57,21.97,11,349.92,57,Safe
Meat,129,1.48,24,267.42,129,High Risk
Fruits,119,19.3,3,111.72,119,Moderate Risk
Bakery,27,4.5,23,188.16,27,Safe
Fruits,60,18.44,5,166.93,60,Moderate Risk
Vegetables,176,23.19,27,42.81,176,Safe
Meat,72,16.6,28,163.33,72,Safe
Seafood,37,19.6,1,206.51,37,High Risk
Fruits,181,16.46,1,17.58,181,High Risk
Bakery,178,21.39,20,255.7,178,Safe
Dairy,105,5.2,21,126.94,105,Moderate Risk
Bakery,164,7.15,27,353.48,164,Moderate Risk
Fruits,15,11.54,17,138.82,15,Safe
Vegetables,58,8.09,12,251.79,58,Safe
Dairy,38,16.13,9,126.97,38,Safe
Dairy,76,14.91,12,264.55,76,Safe
Bakery,48,23.46,4,440.27,48,Moderate Risk
Vegetables,73,1.59,21,459.55,73,Safe
Meat,86,1.5,1,39.42,86,High Risk
Fruits,98,23.0,27,360.36,98,Safe
Bakery,86,21.71,4,379.37,86,Moderate Risk
Seafood,57,18.59,17,23.54,57,Safe
Fruits,68,22.07,3,279.45,68,Moderate Risk
Fruits,149,2.38,17,103.91,149,High Risk
Bakery,10,19.04,10,325.09,10,Safe
Vegetables,197,8.49,30,310.32,197,Safe
Bakery,191,17.67,27,296.09,191,Safe
Dairy,18,14.7,15,57.5,18,Safe
Fruits,40,21.78,29,157.15,40,Safe
Meat,15,23.12,29,389.96,15,Safe
Seafood,32,18.81,29,469.36,32,Safe
Vegetables,186,24.56,11,351.82,186,Safe
Meat,45,7.44,10,303.65,45,Safe
Meat,18,11.35,7,12.59,18,Safe
Fruits,76,1.65,29,133.11,76,Safe
Fruits,176,16.09,2,260.91,176,High Risk
Bakery,154,14.39,3,65.62,154,Moderate Risk
Fruits,146,16.44,9,395.23,146,Safe
Bakery,165,18.1,14,334.87,165,Safe
Fruits,84,19.85,4,297.66,84,Moderate Risk
Vegetables,193,13.79,4,78.1,193,Moderate Risk
Fruits,121,13.91,27,281.52,121,Safe
Vegetables,81,22.11,16,200.95,81,Safe
Vegetables,141,11.65,29,335.4,141,Safe
Meat,40,19.5,29,445.16,40,Safe
Bakery,171,15.75,17,484.95,171,Safe
Dairy,52,17.13,29,315.95,52,Safe
Meat,20,2.13,18,309.41,20,Safe
Seafood,146,17.37,21,255.91,146,Safe
Vegetables,92,12.78,14,268.21,92,Safe
Fruits,8,1.82,1,328.76,8,High Risk
Meat,193,12.15,16,294.28,193,Safe
Bakery,112,2.98,29,384.5,112,Moderate Risk
Dairy,158,2.71,23,468.65,158,High Risk
Dairy,179,15.91,28,182.29,179,Safe
Meat,141,19.36,7,409.94,141,Safe
Bakery,78,8.42,12,209.04,78,Safe
Bakery,46,7.5,14,128.69,46,Safe
Vegetables,145,11.76,20,292.75,145,Safe
Meat,36,10.16,28,77.88,36,Safe
Meat,96,11.99,4,125.16,96,Moderate Risk
Fruits,134,24.57,23,253.1,134,Safe
Seafood,19,10.9,13,313.99,19,Safe
Seafood,177,9.41,24,80.57,177,Safe
Seafood,96,21.0,20,328.55,96,Safe
Seafood,184,13.81,25,240.4,184,Safe
Vegetables,93,18.48,13,110.62,93,Safe
Vegetables,184,8.87,26,252.69,184,Safe
Seafood,87,22.7,12,282.29,87,Safe
Seafood,141,1.19,22,172.04,141,High Risk
Seafood,75,3.24,30,147.34,75,Safe
Bakery,71,21.46,5,154.22,71,Moderate Risk
Vegetables,48,7.85,18,468.0,48,Safe
Seafood,172,12.53,3,169.69,172,Moderate Risk
Seafood,79,23.23,24,394.97,79,Safe
Fruits,33,4.88,7,437.29,33,Safe
Dairy,107,3.17,29,464.11,107,Moderate Risk
Bakery,53,19.62,28,455.24,53,Safe
Vegetables,77,15.92,7,370.01,77,Safe
Fruits,49,22.69,23,270.55,49,Safe
Bakery,105,3.72,5,178.57,105,Moderate Risk
Fruits,119,1.24,6,212.1,119,Moderate Risk
Bakery,116,2.48,11,325.31,116,Moderate Risk
Fruits,105,23.96,17,130.35,105,Safe
Fruits,21,21.0,22,467.01,21,Safe
Seafood,47,9.27,28,263.6,47,Safe
Fruits,43,21.81,9,443.31,43,Safe
Vegetables,78,4.76,25,436.54,78,Safe
Vegetables,56,18.85,12,498.52,56,Safe
Vegetables,89,5.84,2,376.53,89,High Risk
Meat,135,5.4,29,385.17,135,Moderate Risk
Vegetables,159,2.08,22,98.68,159,High Risk
Vegetables,148,16.46,3,340.41,148,Moderate Risk
Meat,189,6.57,23,410.79,189,Moderate Risk
Meat,96,21.96,6,376.51,96,Moderate Risk
Fruits,7,9.04,3,277.71,7,Moderate Risk
Bakery,45,4.6,14,288.89,45,Safe
Vegetables,143,9.22,27,194.38,143,Safe
Vegetables,130,20.5,14,393.8,130,Safe
Dairy,126,24.31,16,88.33,126,Safe
Dairy,148,20.76,13,32.62,148,Safe
Bakery,92,3.95,17,297.88,92,Moderate Risk
Seafood,172,5.67,29,476.98,172,Moderate Risk
Dairy,200,1.8,1,25.43,200,High Risk
Meat,15,23.44,20,354.3,15,Safe
Vegetables,72,8.02,20,355.58,72,Safe
Bakery,159,19.28,15,102.39,159,Safe
Vegetables,88,21.06,24,253.69,88,Safe
Meat,24,22.75,19,224.82,24,Safe
Fruits,105,5.26,14,276.06,105,Moderate Risk
Seafood,27,23.03,26,324.16,27,Safe
Fruits,54,20.64,12,13.05,54,Safe
Bakery,121,1.26,29,379.96,121,High Risk
Bakery,177,7.54,21,211.15,177,Moderate Risk
Seafood,17,24.77,15,411.96,17,Safe
Seafood,165,14.86,22,135.07,165,Safe
Seafood,198,7.04,18,221.75,198,Moderate Risk
Vegetables,151,10.39,4,290.37,151,Moderate Risk
Seafood,36,21.52,15,78.57,36,Safe
Vegetables,127,2.7,29,36.7,127,High Risk
Bakery,143,9.38,25,336.65,143,Safe
Meat,121,4.55,28,246.41,121,High Risk
Fruits,68,21.45,12,479.71,68,Safe
Fruits,41,6.9,30,428.84,41,Safe
Meat,49,5.31,15,321.05,49,Safe
Fruits,92,5.41,19,150.6,92,Moderate Risk
Dairy,123,1.36,10,245.85,123,High Risk
Dairy,76,13.84,12,191.1,76,Safe
Meat,93,10.63,30,472.19,93,Safe
Dairy,117,10.02,3,293.65,117,Moderate Risk
Seafood,147,1.23,23,316.88,147,High Risk
Fruits,71,22.93,17,175.77,71,Safe
Dairy,25,14.34,9,117.23,25,Safe
Meat,131,16.09,6,108.74,131,Moderate Risk
Fruits,56,4.65,22,349.68,56,Safe
Bakery,5,14.85,13,498.32,5,Safe
Seafood,127,18.91,13,308.59,127,Safe
Fruits,102,3.08,3,204.45,102,Moderate Risk
Fruits,36,10.24,30,318.45,36,Safe
Vegetables,43,20.8,23,312.06,43,Safe
Bakery,60,22.45,8,343.65,60,Safe
Seafood,128,10.86,6,136.62,128,Moderate Risk
Fruits,167,20.01,20,152.78,167,Safe
Vegetables,138,8.6,23,462.76,138,Safe
Fruits,161,21.79,29,254.34,161,Safe
Bakery,25,24.95,17,409.92,25,Safe
Fruits,161,20.7,8,477.98,161,Safe
Dairy,160,24.59,3,159.0,160,Moderate Risk
Meat,200,24.51,20,372.26,200,Safe
Vegetables,166,8.74,19,444.62,166,Safe
Dairy,172,20.36,17,322.25,172,Safe
Fruits,45,14.12,8,370.63,45,Safe
Vegetables,51,6.13,24,199.76,51,Safe
Bakery,116,8.58,30,109.86,116,Safe
Bakery,114,20.89,14,477.58,114,Safe
Dairy,22,15.27,21,227.12,22,Safe
Fruits,101,15.72,27,195.37,101,Safe
Fruits,133,10.76,11,499.93,133,Safe
Seafood,173,10.46,14,432.4,173,Safe
Dairy,140,17.13,11,361.11,140,Safe
Vegetables,70,4.96,26,182.92,70,Safe
Bakery,87,23.93,11,60.3,87,Safe
Meat,101,3.59,27,114.69,101,Moderate Risk
Seafood,49,21.24,9,391.67,49,Safe
Meat,8,22.86,10,13.23,8,Safe
Vegetables,96,10.46,15,21.34,96,Safe
Meat,168,9.9,21,331.26,168,Safe
Dairy,178,10.24,5,29.54,178,Moderate Risk
Bakery,62,7.77,9,166.66,62,Safe
Bakery,162,9.74,12,218.9,162,Safe
Meat,93,3.19,14,112.21,93,Moderate Risk
Vegetables,58,9.75,13,114.0,58,Safe
Fruits,150,6.42,6,358.75,150,Moderate Risk
Seafood,142,10.91,1,81.07,142,High Risk
Vegetables,17,10.34,14,172.58,17,Safe
Vegetables,125,13.55,19,484.57,125,Safe
Meat,141,9.48,5,286.41,141,Moderate Risk
Dairy,121,19.81,9,130.95,121,Safe
Meat,63,20.92,6,346.94,63,Moderate Risk
Vegetables,13,10.04,27,403.56,13,Safe
Fruits,25,23.91,11,301.42,25,Safe
Seafood,27,4.92,12,280.11,27,Safe
Meat,164,4.66,27,330.59,164,High Risk
Meat,14,19.65,14,17.41,14,Safe
Fruits,65,13.89,5,120.74,65,Moderate Risk
Fruits,21,17.47,22,390.81,21,Safe
Vegetables,37,3.21,4,162.11,37,Moderate Risk
Seafood,91,12.14,15,186.88,91,Safe
Dairy,77,23.37,2,49.61,77,High Risk
Meat,133,21.86,13,56.43,133,Safe
Meat,25,10.89,25,498.71,25,Safe
Bakery,107,24.65,24,191.89,107,Safe
Seafood,107,3.6,15,398.64,107,Moderate Risk
Vegetables,73,5.13,20,68.97,73,Safe
Seafood,106,18.1,12,134.63,106,Safe
Seafood,115,11.48,24,474.41,115,Safe
Vegetables,52,24.22,16,46.33,52,Safe
Seafood,110,19.89,23,151.95,110,Safe
Vegetables,84,16.98,6,444.29,84,Moderate Risk
Dairy,117,24.41,20,223.81,117,Safe
Fruits,33,13.21,8,187.56,33,Safe
Meat,186,23.89,4,378.34,186,Moderate Risk
Seafood,102,5.86,13,408.56,102,Moderate Risk
Fruits,79,23.24,19,236.45,79,Safe
Meat,120,13.2,7,160.39,120,Safe
Seafood,14,15.58,23,97.52,14,Safe
Fruits,132,1.37,11,218.37,132,High Risk
Bakery,193,7.17,15,489.97,193,Moderate Risk
Fruits,36,4.33,14,356.23,36,Safe
Dairy,100,3.02,29,243.83,100,Moderate Risk
Seafood,139,2.94,3,319.35,139,High Risk
Bakery,78,21.29,3,382.83,78,Moderate Risk
Fruits,69,5.0,10,230.58,69,Safe
Dairy,192,22.17,29,268.34,192,Safe
Bakery,198,14.06,20,254.19,198,Safe
Vegetables,44,11.77,28,42.04,44,Safe
Bakery,117,18.76,3,274.09,117,Moderate Risk
Fruits,8,17.03,1,13.96,8,High Risk
Seafood,127,13.57,17,100.5,127,Safe
Seafood,196,22.29,13,170.39,196,Safe
Fruits,72,9.73,8,476.63,72,Safe
Dairy,22,13.74,22,167.94,22,Safe
Dairy,140,8.05,28,376.64,140,Safe
Fruits,169,14.65,13,473.07,169,Safe
Meat,9,21.28,25,159.6,9,Safe
Vegetables,51,11.86,14,475.93,51,Safe
Bakery,153,8.46,13,473.48,153,Safe
Meat,111,15.83,22,356.0,111,Safe
Bakery,130,1.63,27,32.56,130,High Risk
Dairy,189,18.76,1,148.92,189,High Risk
Meat,165,1.55,28,408.84,165,High Risk
Fruits,174,7.03,27,253.94,174,Moderate Risk
Bakery,129,21.01,25,417.96,129,Safe
Fruits,51,20.13,14,306.65,51,Safe
Vegetables,172,20.79,29,484.41,172,Safe
Vegetables,174,24.04,20,220.08,174,Safe
Bakery,168,16.11,18,100.67,168,Safe
Vegetables,90,13.86,14,147.75,90,Safe
Meat,58,18.02,22,457.4,58,Safe
Bakery,142,11.21,3,425.9,142,Moderate Risk
Meat,61,11.06,5,283.57,61,Moderate Risk
Dairy,166,10.15,21,284.01,166,Safe
Dairy,159,20.35,17,57.12,159,Safe
Bakery,74,20.22,15,178.79,74,Safe
Meat,160,1.89,21,25.22,160,High Risk
Meat,187,11.86,2,166.49,187,High Risk
Fruits,6,24.99,12,358.93,6,Safe
Seafood,121,3.53,11,376.64,121,High Risk
Fruits,111,20.67,3,54.59,111,Moderate Risk
Vegetables,102,6.62,29,221.58,102,Moderate Risk
Meat,73,2.32,13,219.34,73,Safe
Seafood,10,14.31,26,314.05,10,Safe
Vegetables,65,12.08,10,138.02,65,Safe
Vegetables,200,20.24,21,474.09,200,Safe
Meat,39,4.6,2,317.02,39,High Risk
Bakery,50,5.26,19,457.54,50,Safe
Dairy,148,15.64,13,50.12,148,Safe
Meat,54,16.43,16,219.36,54,Safe
Meat,187,18.5,9,355.0,187,Safe
Dairy,75,24.82,3,63.54,75,Moderate Risk
Bakery,180,8.43,6,435.68,180,Moderate Risk
Vegetables,139,7.25,8,481.09,139,Moderate Risk
Bakery,148,19.11,13,339.62,148,Safe
Bakery,160,2.84,13,118.93,160,High Risk
Fruits,70,5.51,14,97.07,70,Safe
Seafood,93,23.46,22,403.19,93,Safe
Bakery,138,6.06,16,162.44,138,Moderate Risk
Seafood,99,12.89,17,172.4,99,Safe
Bakery,162,18.04,16,111.81,162,Safe
Fruits,161,9.92,15,114.09,161,Safe
Vegetables,152,1.46,6,80.53,152,High Risk
Vegetables,123,22.17,27,443.3,123,Safe
Fruits,55,24.04,22,473.22,55,Safe
Meat,161,20.44,28,356.55,161,Safe
Vegetables,174,1.54,4,473.18,174,High Risk
Dairy,89,18.52,2,493.35,89,High Risk
Dairy,22,21.25,23,365.01,22,Safe
Bakery,11,20.94,9,324.42,11,Safe
Seafood,140,23.06,28,212.03,140,Safe
Vegetables,114,14.33,22,249.28,114,Safe
Meat,96,10.38,30,94.9,96,Safe
Seafood,192,7.8,1,420.63,192,High Risk
Meat,54,1.61,8,432.43,54,Safe
Meat,56,6.11,19,59.36,56,Safe
Vegetables,108,18.92,14,187.92,108,Safe
Vegetables,5,5.73,7,345.82,5,Safe
Meat,34,6.58,21,65.66,34,Safe
Meat,83,2.79,23,151.45,83,Moderate Risk
Meat,175,13.75,18,298.41,175,Safe
Bakery,23,20.74,6,190.23,23,Moderate Risk
Meat,119,2.5,8,111.22,119,Moderate Risk
Fruits,150,9.59,9,115.79,150,Safe
Vegetables,18,10.83,3,488.05,18,Moderate Risk
Bakery,90,7.59,2,266.45,90,High Risk
Fruits,95,4.6,3,45.68,95,Moderate Risk
Dairy,179,12.27,4,266.09,179,Moderate Risk
Dairy,26,17.16,9,247.47,26,Safe
Meat,96,15.02,17,267.74,96,Safe
Dairy,13,22.82,25,82.67,13,Safe
Seafood,7,22.67,25,260.56,7,Safe
Meat,127,23.88,12,177.07,127,Safe
Fruits,55,11.16,1,244.74,55,High Risk
Vegetables,64,3.23,19,147.47,64,Safe
Fruits,79,2.5,27,19.0,79,Safe
Meat,130,12.83,27,211.43,130,Safe
Vegetables,75,12.84,13,480.81,75,Safe
Fruits,195,20.1,11,147.95,195,Safe
Bakery,112,4.24,1,232.87,112,High Risk
Dairy,11,7.72,2,228.09,11,High Risk
Bakery,184,3.44,23,70.22,184,High Risk
Seafood,5,11.29,15,57.15,5,Safe
Dairy,114,3.82,28,228.32,114,Moderate Risk
Bakery,107,14.1,19,25.08,107,Safe
Fruits,48,23.73,6,154.33,48,Moderate Risk
Dairy,17,21.4,25,225.71,17,Safe
Dairy,23,23.32,14,423.7,23,Safe
Fruits,155,20.95,28,241.66,155,Safe
Bakery,179,5.0,24,349.24,179,Moderate Risk
Bakery,193,9.72,11,277.95,193,Safe
Dairy,74,3.44,25,94.94,74,Safe
Bakery,164,17.72,18,216.05,164,Safe
Vegetables,141,4.88,28,404.77,141,High Risk
Fruits,178,9.8,4,474.6,178,Moderate Risk
Fruits,170,1.61,7,319.43,170,High Risk
Dairy,35,18.5,25,349.23,35,Safe
Meat,166,16.33,12,257.05,166,Safe
Dairy,11,22.95,28,418.95,11,Safe
Bakery,166,9.91,13,196.32,166,Safe
Bakery,49,1.47,16,44.12,49,Safe
Bakery,137,18.64,2,34.36,137,High Risk
Vegetables,54,13.38,30,447.99,54,Safe
Bakery,43,1.39,6,382.54,43,Moderate Risk
Meat,54,4.66,19,392.16,54,Safe
Meat,193,2.51,9,13.04,193,High Risk
Fruits,161,20.23,9,460.35,161,Safe
Vegetables,128,1.77,24,451.97,128,High Risk
Fruits,125,5.15,17,423.72,125,Moderate Risk
Vegetables,26,17.53,16,488.97,26,Safe
Meat,147,11.82,28,281.13,147,Safe
Meat,185,10.47,8,223.02,185,Safe
Vegetables,104,10.52,29,148.67,104,Safe
Vegetables,114,7.01,9,204.86,114,Moderate Risk
Vegetables,153,2.24,8,457.19,153,High Risk
Fruits,32,8.94,1,420.32,32,High Risk
Seafood,72,1.83,22,341.72,72,Safe
Vegetables,120,18.4,4,481.63,120,Moderate Risk
Bakery,84,15.52,3,341.3,84,Moderate Risk
Dairy,128,8.03,25,397.1,128,Safe
Seafood,127,18.67,18,367.5,127,Safe
Vegetables,144,8.51,9,101.98,144,Safe
Bakery,15,20.79,6,416.61,15,Moderate Risk
Fruits,72,17.96,23,460.36,72,Safe
Vegetables,20,12.84,20,135.98,20,Safe
Bakery,76,2.13,6,217.5,76,Moderate Risk
Dairy,188,1.89,29,82.62,188,High Risk
Seafood,23,16.93,9,366.15,23,Safe
Seafood,33,14.4,8,390.85,33,Safe
Vegetables,117,3.07,3,262.78,117,Moderate Risk
Meat,93,23.89,15,261.37,93,Safe
Fruits,56,11.05,17,355.66,56,Safe
Meat,140,22.11,26,390.38,140,Safe
Meat,81,12.0,19,474.38,81,Safe
Vegetables,22,4.14,22,359.09,22,Safe
Vegetables,49,4.31,29,153.56,49,Safe
Bakery,24,3.12,29,191.91,24,Safe
Vegetables,122,14.88,4,458.51,122,Moderate Risk
Vegetables,179,4.38,14,166.45,179,High Risk
Meat,13,14.44,23,145.05,13,Safe
Vegetables,147,15.02,21,372.37,147,Safe
Dairy,199,22.21,22,229.7,199,Safe
Fruits,186,12.99,13,309.5,186,Safe
Meat,58,12.88,18,201.15,58,Safe
Bakery,148,23.82,26,375.45,148,Safe
Bakery,24,6.97,10,39.79,24,Safe
Bakery,103,23.48,25,490.84,103,Safe
Seafood,22,7.71,2,249.79,22,High Risk
Meat,178,11.59,17,110.43,178,Safe
Meat,77,24.28,14,313.85,77,Safe
Bakery,128,14.47,27,233.15,128,Safe
Seafood,60,9.77,9,331.16,60,Safe
Bakery,31,8.61,18,271.81,31,Safe
Seafood,196,15.93,19,484.64,196,Safe
Fruits,122,1.72,16,31.94,122,High Risk
Bakery,137,8.27,13,208.01,137,Safe
Meat,74,8.46,9,40.88,74,Safe
Bakery,19,20.05,22,418.4,19,Safe
Dairy,175,5.36,27,479.32,175,Moderate Risk
Seafood,102,3.9,6,455.96,102,Moderate Risk
Meat,5,3.99,28,96.21,5,Safe
Seafood,79,17.37,3,242.35,79,Moderate Risk
Seafood,164,8.74,9,413.89,164,Safe
Meat,21,7.82,2,146.77,21,High Risk
Fruits,172,15.56,29,50.68,172,Safe
Fruits,161,7.27,24,257.61,161,Moderate Risk
Meat,193,19.46,17,221.28,193,Safe
Fruits,179,9.48,15,244.58,179,Safe
Vegetables,23,20.45,4,159.93,23,Moderate Risk
Bakery,14,8.15,10,327.23,14,Safe
Seafood,123,23.27,21,452.27,123,Safe
Vegetables,107,16.41,3,279.91,107,Moderate Risk
Vegetables,171,8.99,25,143.0,171,Safe
Meat,169,6.24,26,105.86,169,Moderate Risk
Meat,17,18.76,16,56.96,17,Safe
Dairy,108,23.94,7,169.25,108,Safe
Seafood,78,22.87,16,91.84,78,Safe
Vegetables,175,19.82,11,162.5,175,Safe
Dairy,123,6.89,9,61.42,123,Moderate Risk
Dairy,152,2.31,5,374.27,152,High Risk
Vegetables,162,12.51,2,495.03,162,High Risk
Fruits,18,16.45,2,35.32,18,High Risk
Bakery,104,8.69,13,469.53,104,Safe
Seafood,198,12.05,16,476.43,198,Safe
Seafood,174,12.11,11,218.19,174,Safe
Fruits,98,10.83,24,290.07,98,Safe
Meat,40,11.08,21,312.92,40,Safe
Vegetables,144,18.24,27,438.25,144,Safe
Fruits,54,10.01,17,203.71,54,Safe
Meat,31,12.57,1,243.49,31,High Risk
Bakery,165,18.67,22,216.06,165,Safe
Vegetables,70,16.86,16,201.65,70,Safe
Seafood,67,5.81,12,224.44,67,Safe
Vegetables,143,2.68,9,468.99,143,High Risk
Vegetables,90,2.21,5,320.77,90,Moderate Risk
Dairy,68,15.68,26,91.04,68,Safe
Fruits,188,21.97,9,480.01,188,Safe
Vegetables,74,1.45,30,147.52,74,Safe
Seafood,121,24.35,11,354.64,121,Safe
Dairy,166,24.31,27,483.17,166,Safe
Seafood,123,24.14,7,440.56,123,Safe
Dairy,31,23.04,5,64.84,31,Moderate Risk
Dairy,64,24.55,12,331.61,64,Safe
Vegetables,154,8.15,10,99.98,154,Safe
Dairy,114,15.33,13,459.73,114,Safe
Vegetables,180,5.34,9,86.47,180,Moderate Risk
Dairy,43,17.84,4,471.96,43,Moderate Risk
Meat,141,23.64,14,361.62,141,Safe
Seafood,54,6.27,1,200.72,54,High Risk
Bakery,150,16.44,7,338.77,150,Safe
Meat,126,7.71,14,252.13,126,Moderate Risk
Fruits,39,6.61,12,444.88,39,Safe
Seafood,93,20.6,2,456.47,93,High Risk
Meat,156,16.83,16,58.08,156,Safe
Vegetables,61,5.5,15,349.78,61,Safe
Dairy,126,23.14,22,406.65,126,Safe
Dairy,119,20.63,6,204.12,119,Moderate Risk
Bakery,90,8.52,1,275.0,90,High Risk
Vegetables,36,17.59,8,344.78,36,Safe
Fruits,193,2.49,7,493.64,193,High Risk
Seafood,81,17.32,9,488.52,81,Safe
Vegetables,177,7.89,20,221.78,177,Moderate Risk
Bakery,67,7.63,6,149.61,67,Moderate Risk
Bakery,64,10.29,21,134.81,64,Safe
Meat,180,24.03,27,424.68,180,Safe
Seafood,24,3.89,23,358.56,24,Safe
Bakery,164,8.64,27,298.75,164,Safe
Fruits,125,14.1,21,360.96,125,Safe
Vegetables,59,11.5,8,265.18,59,Safe
Bakery,54,7.4,8,489.63,54,Safe
Dairy,51,14.42,4,300.67,51,Moderate Risk
Bakery,108,22.85,19,381.55,108,Safe
Vegetables,131,14.88,16,213.97,131,Safe
Dairy,186,22.06,9,446.33,186,Safe
Dairy,183,14.21,1,471.26,183,High Risk
Bakery,124,24.51,10,383.3,124,Safe
Dairy,10,9.7,15,219.14,10,Safe
Vegetables,116,8.76,20,292.14,116,Safe
Meat,56,15.57,18,224.64,56,Safe
Vegetables,183,14.2,4,50.64,183,Moderate Risk
Meat,21,19.04,9,362.91,21,Safe
Vegetables,197,10.9,17,353.79,197,Safe
Vegetables,104,10.83,28,382.59,104,Safe
Bakery,51,2.09,10,308.14,51,Safe
Seafood,110,19.91,21,86.43,110,Safe
Dairy,172,16.01,17,255.42,172,Safe
Dairy,32,15.22,25,133.83,32,Safe
Meat,44,11.93,5,328.36,44,Moderate Risk
Dairy,176,12.17,23,169.43,176,Safe
Meat,152,2.34,26,272.78,152,High Risk
Dairy,104,17.39,18,483.0,104,Safe
Dairy,116,7.96,21,405.12,116,Moderate Risk
Bakery,68,14.13,14,50.39,68,Safe
Fruits,171,11.83,7,282.99,171,Safe
Dairy,141,17.22,2,194.81,141,High Risk
Fruits,171,6.69,22,51.21,171,Moderate Risk
Fruits,127,11.63,30,277.68,127,Safe
Meat,107,8.44,15,338.2,107,Safe
Dairy,150,17.51,5,325.33,150,Moderate Risk
Bakery,199,11.54,29,308.51,199,Safe
Bakery,134,3.35,5,236.0,134,High Risk
Fruits,173,18.14,23,15.23,173,Safe
Dairy,93,14.09,2,391.68,93,High Risk
Bakery,164,18.74,30,302.86,164,Safe
Dairy,172,13.2,1,375.28,172,High Risk
Seafood,181,17.75,27,150.23,181,Safe
Meat,66,15.81,5,443.89,66,Moderate Risk
Bakery,49,17.77,7,14.34,49,Safe
Bakery,38,21.35,16,403.04,38,Safe
Dairy,14,16.14,22,89.57,14,Safe
Vegetables,97,4.13,18,84.77,97,Moderate Risk
Dairy,168,8.4,22,420.83,168,Safe
Meat,26,7.76,2,142.01,26,High Risk
Meat,192,13.63,1,210.74,192,High Risk
Bakery,76,22.78,7,62.49,76,Safe
Seafood,159,11.95,17,142.72,159,Safe
Fruits,18,4.42,25,320.0,18,Safe
Vegetables,179,2.94,8,275.11,179,High Risk
Fruits,47,22.17,10,151.64,47,Safe
Meat,64,5.99,2,155.6,64,High Risk
Vegetables,95,19.82,6,461.89,95,Moderate Risk
Bakery,181,2.79,21,351.41,181,High Risk
Fruits,123,17.41,6,118.43,123,Moderate Risk
Meat,68,10.37,25,299.48,68,Safe
Vegetables,12,3.07,27,113.01,12,Safe
Seafood,53,6.01,3,390.43,53,Moderate Risk
Meat,49,16.8,15,429.78,49,Safe
Bakery,53,15.09,4,344.57,53,Moderate Risk
Fruits,155,15.59,14,185.07,155,Safe
Seafood,96,11.83,22,99.98,96,Safe
Bakery,166,16.99,20,108.6,166,Safe
Seafood,20,20.63,8,329.28,20,Safe
Meat,175,18.63,27,278.03,175,Safe
Meat,198,19.23,3,29.84,198,Moderate Risk
Bakery,48,1.69,19,307.96,48,Safe
Fruits,9,7.16,2,216.19,9,High Risk
Vegetables,170,12.23,16,98.41,170,Safe
Dairy,126,8.8,20,498.67,126,Safe
Vegetables,111,23.97,28,74.74,111,Safe
Seafood,99,15.04,10,299.1,99,Safe
Dairy,161,22.37,10,147.93,161,Safe
Meat,36,15.78,25,331.62,36,Safe
Seafood,132,11.33,28,168.37,132,Safe
Dairy,22,4.02,23,330.0,22,Safe
Seafood,73,24.69,27,169.51,73,Safe
Dairy,77,17.89,26,106.89,77,Safe
Meat,46,9.21,19,211.91,46,Safe
Dairy,159,4.42,9,93.23,159,High Risk
Dairy,22,12.57,9,402.17,22,Safe
Seafood,127,16.61,24,441.46,127,Safe
Bakery,6,15.85,13,39.31,6,Safe
Fruits,45,19.92,28,497.3,45,Safe
Vegetables,85,2.15,6,79.29,85,Moderate Risk
Dairy,33,18.75,3,328.83,33,Moderate Risk
Dairy,72,22.85,9,368.07,72,Safe
Bakery,75,22.58,2,172.53,75,High Risk
Bakery,25,1.03,7,495.92,25,Safe
Bakery,25,2.73,22,93.98,25,Safe
Vegetables,63,22.54,3,319.26,63,Moderate Risk
Meat,20,9.07,9,270.6,20,Safe
Fruits,152,11.22,22,324.2,152,Safe
Seafood,80,15.19,26,120.69,80,Safe
Fruits,19,1.17,2,411.54,19,High Risk
Dairy,51,9.57,26,35.1,51,Safe
Dairy,120,14.89,22,347.86,120,Safe
Bakery,81,11.01,25,196.81,81,Safe
Bakery,111,2.82,24,294.75,111,Moderate Risk
Dairy,94,9.47,12,382.08,94,Safe
Meat,86,16.19,1,176.31,86,High Risk
Fruits,56,4.74,12,321.49,56,Safe
Bakery,190,12.8,25,484.28,190,Safe
Seafood,56,9.18,28,480.6,56,Safe
Fruits,79,10.85,7,31.1,79,Safe
Vegetables,54,17.25,11,33.08,54,Safe
Fruits,188,7.78,1,262.81,188,High Risk
Seafood,88,15.61,16,355.39,88,Safe
Meat,147,1.38,1,186.8,147,High Risk
Fruits,165,11.75,16,100.79,165,Safe
Seafood,122,4.25,24,243.54,122,High Risk
Dairy,177,8.42,21,343.56,177,Safe
Bakery,115,13.99,30,171.81,115,Safe
Vegetables,126,4.57,3,79.48,126,High Risk
Vegetables,87,23.86,1,464.2,87,High Risk
Bakery,167,8.69,25,27.32,167,Safe
Bakery,109,4.3,22,223.96,109,Moderate Risk
Fruits,5,15.27,23,188.17,5,Safe
Vegetables,104,21.78,2,205.27,104,High Risk
Meat,54,1.91,4,194.71,54,Moderate Risk
Seafood,118,12.1,19,316.24,118,Safe
Seafood,197,6.61,29,68.56,197,Moderate Risk
Dairy,11,16.82,9,184.1,11,Safe
Fruits,100,16.28,7,69.74,100,Safe
Bakery,22,18.55,21,349.56,22,Safe
Bakery,143,15.35,23,212.29,143,Safe
Seafood,105,21.08,26,155.06,105,Safe
Dairy,48,16.63,26,74.75,48,Safe
Fruits,167,5.58,12,98.56,167,Moderate Risk
Bakery,103,21.11,23,66.95,103,Safe
Meat,181,9.29,10,325.87,181,Safe
Meat,130,4.72,15,454.39,130,High Risk
Seafood,34,8.78,18,305.32,34,Safe
Vegetables,44,19.72,22,210.52,44,Safe
Vegetables,49,1.68,20,145.92,49,Safe
Bakery,124,15.72,11,24.5,124,Safe
Seafood,34,16.27,1,105.25,34,High Risk
Vegetables,152,10.78,30,493.59,152,Safe
Bakery,137,9.84,7,356.44,137,Safe
Seafood,98,21.87,5,425.69,98,Moderate Risk
Meat,170,21.91,2,131.94,170,High Risk
Bakery,160,10.92,5,44.17,160,Moderate Risk
Fruits,186,13.76,24,155.72,186,Safe
Fruits,175,1.7,18,426.86,175,High Risk
Meat,148,22.56,11,263.67,148,Safe
Dairy,8,4.08,10,346.03,8,Safe
Meat,145,4.22,16,224.84,145,High Risk
Dairy,95,6.96,14,281.15,95,Moderate Risk
Vegetables,196,4.56,27,284.68,196,High Risk
Seafood,84,15.35,8,111.93,84,Safe
Dairy,64,8.9,25,365.29,64,Safe
Seafood,142,16.5,25,159.24,142,Safe
Vegetables,153,14.37,18,430.06,153,Safe
Fruits,135,22.38,28,377.3,135,Safe
Bakery,39,21.4,27,276.91,39,Safe
Dairy,53,16.97,28,163.98,53,Safe
Vegetables,180,10.55,7,246.42,180,Safe
Meat,21,11.52,29,70.75,21,Safe
Fruits,154,3.51,8,200.72,154,High Risk
Dairy,200,22.37,22,267.4,200,Safe
Vegetables,22,22.0,20,118.51,22,Safe
Dairy,152,7.81,25,78.55,152,Moderate Risk
Fruits,39,22.36,15,290.53,39,Safe
Fruits,155,10.5,28,370.33,155,Safe
Bakery,87,3.88,23,460.37,87,Moderate Risk
Vegetables,173,13.45,6,143.4,173,Moderate Risk
Seafood,30,15.78,3,60.58,30,Moderate Risk
Seafood,20,19.95,13,124.31,20,Safe
Bakery,144,14.37,9,379.89,144,Safe
Meat,198,11.92,14,496.6,198,Safe
Fruits,155,8.66,6,217.54,155,Moderate Risk
Seafood,63,14.49,29,283.22,63,Safe
Dairy,44,18.39,6,287.09,44,Moderate Risk
Fruits,57,18.48,28,68.86,57,Safe
Meat,125,17.43,15,415.36,125,Safe
Dairy,109,20.02,30,58.42,109,Safe
Meat,101,6.14,18,138.25,101,Moderate Risk
Bakery,189,2.27,8,136.97,189,High Risk
Seafood,12,20.02,5,453.44,12,Moderate Risk
Dairy,87,23.85,18,450.89,87,Safe
Fruits,78,24.41,22,468.84,78,Safe
Dairy,117,4.48,24,392.99,117,Moderate Risk
Bakery,151,10.07,9,240.54,151,Safe
Bakery,101,2.67,15,452.37,101,Moderate Risk
Meat,54,19.02,17,308.26,54,Safe
Bakery,193,14.22,12,485.18,193,Safe
Vegetables,48,1.78,18,263.85,48,Safe
Meat,199,13.02,5,314.52,199,Moderate Risk
Seafood,138,2.63,24,371.73,138,High Risk
Bakery,186,11.4,7,199.21,186,Safe
Seafood,26,14.66,16,492.43,26,Safe
Vegetables,65,2.33,10,428.81,65,Safe
Vegetables,45,11.68,23,153.42,45,Safe
Fruits,172,21.64,19,187.8,172,Safe
Bakery,70,16.52,29,343.21,70,Safe
Meat,111,6.94,20,160.33,111,Moderate Risk
Vegetables,92,22.99,22,390.24,92,Safe
Seafood,81,24.85,18,344.68,81,Safe
Vegetables,76,3.33,26,26.78,76,Safe
Meat,105,5.99,28,211.77,105,Moderate Risk
Fruits,188,10.44,11,289.35,188,Safe
Fruits,193,21.54,25,303.84,193,Safe
Bakery,92,16.87,2,296.07,92,High Risk
Fruits,158,15.38,24,194.77,158,Safe
Meat,100,1.08,25,237.1,100,Moderate Risk
Meat,27,5.07,12,196.88,27,Safe
Seafood,89,5.88,17,471.32,89,Moderate Risk
Dairy,12,2.2,13,287.75,12,Safe
Fruits,100,23.66,6,317.51,100,Moderate Risk
Dairy,184,7.16,29,252.17,184,Moderate Risk
Seafood,61,2.28,16,63.32,61,Safe
Bakery,129,21.97,10,83.33,129,Safe
Vegetables,59,19.32,21,119.18,59,Safe
Vegetables,169,17.65,21,193.44,169,Safe
Meat,68,5.64,18,362.87,68,Safe
Meat,23,17.17,2,428.83,23,High Risk
Vegetables,117,3.37,11,324.29,117,Moderate Risk
Dairy,56,13.54,7,414.95,56,Safe
Bakery,129,9.39,8,38.69,129,Safe
Seafood,104,16.15,3,470.01,104,Moderate Risk
Bakery,22,19.52,27,396.18,22,Safe
Seafood,131,21.72,11,171.54,131,Safe
Vegetables,149,1.78,11,178.32,149,High Risk
Meat,97,1.67,21,115.61,97,Moderate Risk
Meat,28,1.76,24,487.53,28,Safe
Seafood,124,17.63,7,299.48,124,Safe
Vegetables,73,4.77,25,352.58,73,Safe
Vegetables,37,18.72,3,250.49,37,Moderate Risk
Meat,198,2.28,15,359.6,198,High Risk
Bakery,40,6.32,27,104.13,40,Safe
Dairy,173,14.01,19,495.11,173,Safe
Dairy,102,8.04,10,137.34,102,Safe
Bakery,119,11.68,22,449.03,119,Safe
Dairy,190,16.0,4,182.69,190,Moderate Risk
Fruits,119,6.86,1,138.64,119,High Risk
Dairy,18,5.48,2,399.91,18,High Risk
Fruits,162,9.64,7,206.06,162,Safe
Fruits,117,22.35,15,326.85,117,Safe
Vegetables,26,8.32,25,15.13,26,Safe
Vegetables,31,21.07,18,427.88,31,Safe
Bakery,73,6.96,5,206.04,73,Moderate Risk
Dairy,9,9.16,1,117.41,9,High Risk
Bakery,12,16.78,25,405.09,12,Safe
Vegetables,35,1.44,3,499.07,35,Moderate Risk
Vegetables,92,14.2,13,124.46,92,Safe
Fruits,30,19.16,2,56.45,30,High Risk
Fruits,11,19.93,7,227.58,11,Safe
Vegetables,164,19.49,28,363.11,164,Safe
Seafood,33,20.46,7,20.5,33,Safe
Meat,78,23.45,27,16.48,78,Safe
Meat,13,5.43,28,471.19,13,Safe
Dairy,138,3.7,10,260.0,138,High Risk
Vegetables,122,24.36,17,252.4,122,Safe
Vegetables,48,7.86,4,112.52,48,Moderate Risk
Vegetables,35,21.03,13,319.02,35,Safe
Seafood,152,12.64,6,406.7,152,Moderate Risk
Vegetables,45,14.17,21,404.44,45,Safe
Seafood,156,3.81,1,435.14,156,High Risk
Dairy,181,17.29,4,462.82,181,Moderate Risk
Vegetables,12,21.5,23,389.13,12,Safe
Seafood,25,15.36,26,326.41,25,Safe
Meat,175,10.47,4,290.95,175,Moderate Risk
Fruits,171,20.69,21,161.03,171,Safe
Meat,89,4.06,15,146.94,89,Moderate Risk
Vegetables,140,7.09,22,449.56,140,Moderate Risk
Vegetables,131,11.32,30,108.99,131,Safe
Fruits,47,1.35,11,359.37,47,Safe
Vegetables,197,3.29,4,370.5,197,High Risk
Dairy,59,12.6,5,341.83,59,Moderate Risk
Dairy,35,23.72,30,50.5,35,Safe
Seafood,118,23.38,16,154.85,118,Safe
Meat,185,2.15,28,211.74,185,High Risk
Dairy,76,10.61,13,402.79,76,Safe
Vegetables,99,3.19,15,441.83,99,Moderate Risk
Bakery,78,8.89,17,441.61,78,Safe
Meat,171,2.72,8,106.77,171,High Risk
Meat,151,3.49,8,422.26,151,High Risk
Dairy,67,2.4,5,174.72,67,Moderate Risk
Vegetables,200,18.0,17,141.12,200,Safe
Dairy,101,1.69,10,28.37,101,Moderate Risk
Vegetables,121,3.61,11,411.9,121,High Risk
Dairy,33,18.95,10,435.52,33,Safe
Vegetables,16,19.5,12,489.21,16,Safe
Meat,191,16.77,2,273.68,191,High Risk
Bakery,180,18.05,21,96.86,180,Safe
Fruits,178,22.88,3,178.98,178,Moderate Risk
Fruits,174,17.77,27,207.94,174,Safe
Seafood,25,11.84,11,12.68,25,Safe
Vegetables,149,10.8,7,162.34,149,Safe
Fruits,32,23.98,4,76.42,32,Moderate Risk
Fruits,152,21.38,18,352.6,152,Safe
Seafood,134,24.59,7,318.83,134,Safe
Meat,147,10.91,19,353.18,147,Safe
Fruits,79,8.15,28,357.97,79,Safe
Dairy,27,1.62,22,204.54,27,Safe
Seafood,81,5.47,20,225.14,81,Moderate Risk
Dairy,108,14.3,9,59.12,108,Safe
Vegetables,25,23.57,5,163.27,25,Moderate Risk
Bakery,162,9.58,3,127.51,162,Moderate Risk
Fruits,19,5.77,16,107.58,19,Safe
Bakery,16,24.86,29,148.96,16,Safe
Meat,59,22.07,14,197.59,59,Safe
Dairy,196,2.81,26,185.59,196,High Risk
Dairy,11,3.19,30,101.65,11,Safe
Meat,158,7.65,26,125.28,158,Moderate Risk
Fruits,65,21.29,25,476.19,65,Safe
Dairy,58,20.87,16,104.17,58,Safe
Seafood,186,13.18,12,123.64,186,Safe
Meat,46,1.37,5,310.33,46,Moderate Risk
Bakery,137,11.64,17,362.28,137,Safe
Dairy,81,1.43,6,91.34,81,Moderate Risk
Seafood,191,6.85,6,432.96,191,Moderate Risk
Seafood,148,21.79,11,380.04,148,Safe
Vegetables,169,16.02,2,245.2,169,High Risk
Bakery,122,14.92,18,481.41,122,Safe
Vegetables,48,9.01,17,94.73,48,Safe
Fruits,193,6.66,21,42.17,193,Moderate Risk
Fruits,96,24.19,1,333.45,96,High Risk
Bakery,38,10.4,15,168.31,38,Safe
Vegetables,138,18.03,8,358.85,138,Safe
Seafood,55,22.96,5,316.53,55,Moderate Risk
Fruits,174,7.95,14,101.0,174,Moderate Risk
Dairy,55,3.59,15,438.58,55,Safe
Vegetables,96,8.2,12,482.48,96,Safe
Meat,85,18.0,18,150.76,85,Safe
Meat,110,6.16,23,490.0,110,Moderate Risk
Vegetables,89,16.47,7,334.29,89,Safe
Dairy,90,1.56,29,333.13,90,Moderate Risk
Seafood,95,7.06,12,405.25,95,Moderate Risk
Meat,35,17.59,8,110.07,35,Safe
Meat,97,12.02,20,92.49,97,Safe
Vegetables,155,6.29,22,321.84,155,Moderate Risk
Fruits,6,10.0,12,160.3,6,Safe
Bakery,65,8.54,16,334.57,65,Safe
Vegetables,160,19.35,4,432.92,160,Moderate Risk
Fruits,178,5.12,5,352.78,178,Moderate Risk
Meat,186,17.26,24,441.78,186,Safe
Bakery,131,3.5,7,32.1,131,High Risk
Seafood,102,19.51,5,216.49,102,Moderate Risk
Seafood,17,1.93,28,24.65,17,Safe
Fruits,22,4.53,11,65.71,22,Safe
Meat,151,23.42,6,458.01,151,Moderate Risk
Dairy,161,17.11,22,128.01,161,Safe
Seafood,66,22.75,11,37.03,66,Safe
Dairy,91,10.58,23,29.28,91,Safe
Fruits,187,21.07,14,441.19,187,Safe
Meat,140,10.01,30,324.03,140,Safe
Seafood,81,1.62,21,290.35,81,Moderate Risk
Bakery,6,17.45,30,411.62,6,Safe
Seafood,81,15.59,2,317.18,81,High Risk
Meat,68,13.24,5,45.75,68,Moderate Risk
Fruits,141,8.48,29,212.91,141,Safe
Dairy,13,11.61,2,148.96,13,High Risk
Bakery,75,16.57,12,227.41,75,Safe
Dairy,8,13.9,12,439.85,8,Safe
Vegetables,161,14.74,8,493.89,161,Safe
Meat,188,3.28,7,66.27,188,High Risk
Vegetables,60,6.93,5,238.87,60,Moderate Risk
Meat,111,6.56,20,352.51,111,Moderate Risk
Fruits,31,6.7,15,167.82,31,Safe
Dairy,110,2.91,3,252.81,110,Moderate Risk
Bakery,181,11.69,6,333.11,181,Moderate Risk
Fruits,41,23.88,27,421.88,41,Safe
Meat,102,4.19,9,10.12,102,Moderate Risk
Fruits,197,21.34,9,371.57,197,Safe
Bakery,131,18.31,23,76.66,131,Safe
Dairy,79,14.99,21,66.38,79,Safe
Dairy,170,17.29,19,309.36,170,Safe
Bakery,29,20.09,23,495.68,29,Safe
Vegetables,147,5.78,30,194.72,147,Moderate Risk
Fruits,135,7.06,2,202.72,135,High Risk
Fruits,149,4.65,8,243.44,149,High Risk
Seafood,74,6.13,17,156.39,74,Safe
Vegetables,197,5.27,27,76.58,197,Moderate Risk
Vegetables,112,9.73,6,210.42,112,Moderate Risk
Meat,155,19.22,19,395.39,155,Safe
Vegetables,19,3.36,30,253.21,19,Safe
Seafood,59,17.35,17,71.44,59,Safe
Bakery,50,4.79,14,96.78,50,Safe
Dairy,122,17.12,12,315.06,122,Safe
Seafood,127,19.51,15,96.82,127,Safe
Fruits,105,8.79,28,313.03,105,Safe
Fruits,183,23.23,10,151.97,183,Safe
Meat,107,18.1,25,256.58,107,Safe
Meat,142,21.28,29,203.9,142,Safe
Meat,125,13.43,28,334.14,125,Safe
Seafood,28,5.34,23,443.7,28,Safe
Bakery,17,17.09,28,283.63,17,Safe
Vegetables,138,4.37,14,84.39,138,High Risk
Dairy,89,8.75,20,166.2,89,Safe
Vegetables,129,5.86,30,116.82,129,Moderate Risk
Meat,19,23.49,26,80.75,19,Safe
Dairy,103,15.22,19,384.62,103,Safe
Vegetables,133,13.8,8,42.53,133,Safe
Bakery,110,19.74,21,297.47,110,Safe
Bakery,96,10.36,13,365.85,96,Safe
Fruits,45,11.18,1,234.03,45,High Risk
Fruits,130,22.39,16,279.59,130,Safe
Bakery,189,23.69,13,400.17,189,Safe
Seafood,25,10.78,24,145.95,25,Safe
Meat,31,10.91,1,366.11,31,High Risk
Vegetables,124,7.35,12,223.59,124,Moderate Risk
Meat,59,19.91,14,222.93,59,Safe
Fruits,47,23.16,6,218.76,47,Moderate Risk
Fruits,200,23.28,21,388.3,200,Safe
Dairy,30,21.54,17,428.07,30,Safe
Bakery,58,19.66,22,196.25,58,Safe
Seafood,151,18.26,3,309.64,151,Moderate Risk
Meat,81,15.08,23,202.96,81,Safe
Dairy,184,8.63,26,335.04,184,Safe
Bakery,130,9.28,2,266.28,130,High Risk
Meat,110,5.51,13,360.14,110,Moderate Risk
Meat,116,24.76,17,25.99,116,Safe
Fruits,196,18.76,23,199.2,196,Safe
Dairy,152,19.44,24,374.64,152,Safe
Seafood,40,23.15,24,87.71,40,Safe
Seafood,154,2.09,8,58.85,154,High Risk
Seafood,134,11.54,9,288.63,134,Safe
Vegetables,25,23.42,5,460.16,25,Moderate Risk
Seafood,156,19.14,8,237.46,156,Safe
Seafood,63,3.05,20,211.12,63,Safe
Seafood,190,5.72,16,198.6,190,Moderate Risk
Seafood,75,16.28,13,257.63,75,Safe
Fruits,200,9.75,2,21.69,200,High Risk
Dairy,68,13.29,19,168.15,68,Safe
Fruits,20,11.2,18,185.45,20,Safe
Meat,11,5.88,5,212.32,11,Moderate Risk
Meat,25,12.45,13,264.33,25,Safe
Fruits,84,12.49,27,270.71,84,Safe
Vegetables,188,4.06,6,331.87,188,High Risk
Bakery,148,22.59,27,293.54,148,Safe
Bakery,16,13.24,14,425.29,16,Safe
Seafood,130,10.01,19,199.21,130,Safe
Dairy,35,20.47,27,274.55,35,Safe
Bakery,103,7.04,10,287.52,103,Moderate Risk
Meat,191,1.97,8,315.13,191,High Risk
Meat,84,7.41,16,112.98,84,Moderate Risk
Dairy,31,22.54,21,453.27,31,Safe
Vegetables,135,16.72,16,205.0,135,Safe
Vegetables,131,22.31,11,54.12,131,Safe
Meat,162,18.13,18,305.48,162,Safe
Meat,53,4.7,10,20.33,53,Safe
Bakery,185,21.94,24,143.71,185,Safe
Dairy,78,21.41,11,359.14,78,Safe
Meat,150,7.12,20,481.63,150,Moderate Risk
Meat,69,4.24,12,61.28,69,Safe
Meat,153,15.4,15,95.08,153,Safe
Dairy,11,16.8,24,13.01,11,Safe
Dairy,57,10.93,20,199.34,57,Safe
Bakery,76,2.21,26,22.03,76,Safe
Seafood,47,16.55,16,467.3,47,Safe
Meat,149,8.0,4,290.34,149,Moderate Risk
Dairy,142,24.32,7,110.04,142,Safe
Dairy,30,2.02,24,308.95,30,Safe
Dairy,54,10.49,5,101.85,54,Moderate Risk
Seafood,5,17.3,2,134.35,5,High Risk
Vegetables,155,2.7,29,359.73,155,High Risk
Dairy,161,14.52,4,225.12,161,Moderate Risk
Meat,115,11.46,15,374.24,115,Safe
Meat,13,11.45,20,232.66,13,Safe
Seafood,64,17.38,26,78.31,64,Safe
Meat,70,12.25,14,456.23,70,Safe
Meat,55,9.41,18,301.15,55,Safe
Vegetables,111,16.9,21,263.0,111,Safe
Seafood,102,1.51,23,11.52,102,Moderate Risk
Bakery,80,16.03,4,446.89,80,Moderate Risk
Fruits,57,3.91,1,232.44,57,High Risk
Meat,90,15.57,4,229.44,90,Moderate Risk
Fruits,27,23.24,11,153.45,27,Safe
Meat,23,1.53,23,226.91,23,Safe
Seafood,124,17.38,13,371.52,124,Safe
Dairy,80,7.52,24,402.65,80,Safe
Seafood,22,2.61,27,152.75,22,Safe
Seafood,29,16.54,23,377.23,29,Safe
Seafood,105,12.58,28,179.38,105,Safe
Meat,181,20.42,13,131.25,181,Safe
Vegetables,32,2.26,29,192.77,32,Safe
Fruits,40,22.01,25,70.45,40,Safe
Fruits,133,15.82,2,171.7,133,High Risk
Bakery,66,13.88,26,174.58,66,Safe
Bakery,194,13.22,21,336.92,194,Safe
Bakery,21,15.14,6,237.75,21,Moderate Risk
Fruits,20,14.89,30,298.71,20,Safe
Bakery,88,13.19,5,364.3,88,Moderate Risk
Vegetables,71,7.16,15,57.24,71,Safe
Bakery,198,20.7,7,252.22,198,Safe
Seafood,33,2.02,30,115.85,33,Safe
Vegetables,138,24.63,24,172.91,138,Safe
Meat,79,12.74,11,62.87,79,Safe
Vegetables,41,7.15,25,270.52,41,Safe
Fruits,97,6.34,7,355.2,97,Moderate Risk
Dairy,173,3.18,6,484.39,173,High Risk
Bakery,93,22.81,29,21.06,93,Safe
Dairy,18,24.54,7,486.21,18,Safe
Fruits,183,21.27,9,371.05,183,Safe
Seafood,96,1.67,7,414.71,96,Moderate Risk
Fruits,37,7.43,16,177.1,37,Safe
Bakery,20,19.19,30,206.03,20,Safe
Vegetables,86,1.63,14,341.53,86,Moderate Risk
Vegetables,142,16.27,3,65.68,142,Moderate Risk
Seafood,14,3.52,19,347.53,14,Safe
Meat,191,23.79,26,142.37,191,Safe
Fruits,131,23.24,26,381.42,131,Safe
Seafood,127,18.33,27,64.88,127,Safe
Meat,112,14.87,27,135.62,112,Safe
Seafood,154,19.07,4,135.05,154,Moderate Risk
Fruits,53,16.42,16,229.61,53,Safe
Bakery,122,24.63,14,412.01,122,Safe
Bakery,147,16.59,5,307.05,147,Moderate Risk
Bakery,163,7.68,10,435.72,163,Moderate Risk
Fruits,103,1.28,14,334.26,103,Moderate Risk
Meat,177,22.71,13,184.3,177,Safe
Meat,89,10.02,7,428.64,89,Safe
Meat,115,18.58,27,327.46,115,Safe
Vegetables,29,6.27,28,136.46,29,Safe
Seafood,75,5.78,10,15.47,75,Safe
Dairy,165,8.55,22,483.56,165,Safe
Bakery,180,15.38,5,316.6,180,Moderate Risk
Vegetables,76,15.91,2,48.04,76,High Risk
Fruits,45,4.95,17,376.92,45,Safe
Meat,32,6.31,30,193.51,32,Safe
Vegetables,21,12.24,28,387.66,21,Safe
Fruits,70,3.98,27,300.14,70,Safe
Fruits,150,17.43,25,85.64,150,Safe
Fruits,185,18.09,21,42.38,185,Safe
Seafood,187,12.31,21,481.21,187,Safe
Bakery,30,5.98,2,439.81,30,High Risk
Fruits,142,18.61,21,126.19,142,Safe
Fruits,68,10.95,6,143.24,68,Moderate Risk
Seafood,162,8.1,26,117.1,162,Safe
Meat,7,5.56,9,217.89,7,Safe
Meat,190,16.87,8,480.17,190,Safe
Meat,95,18.47,8,65.65,95,Safe
Fruits,15,21.58,29,496.22,15,Safe
Fruits,183,23.91,22,19.03,183,Safe
Bakery,150,9.87,28,234.57,150,Safe
Bakery,18,17.27,13,220.0,18,Safe
Fruits,187,20.08,11,438.15,187,Safe
Fruits,177,2.59,7,63.71,177,High Risk
Dairy,13,8.62,7,433.43,13,Safe
Seafood,67,12.43,29,461.28,67,Safe
Meat,57,9.68,6,71.79,57,Moderate Risk
Dairy,140,21.53,29,79.65,140,Safe
Seafood,196,21.51,13,274.02,196,Safe
Vegetables,164,3.04,20,443.03,164,High Risk
Seafood,131,3.93,29,302.0,131,High Risk
Meat,133,23.15,17,252.26,133,Safe
Meat,165,3.96,19,191.83,165,High Risk
Meat,34,1.5,22,65.2,34,Safe
Bakery,153,1.73,15,324.31,153,High Risk
Fruits,95,4.05,18,211.85,95,Moderate Risk
Meat,84,9.96,3,67.0,84,Moderate Risk
Bakery,106,11.97,7,266.08,106,Safe
Fruits,124,13.73,2,374.61,124,High Risk
Meat,125,24.52,22,222.35,125,Safe
Seafood,29,6.7,16,257.35,29,Safe
Bakery,61,24.83,9,149.26,61,Safe
Bakery,185,21.45,5,392.61,185,Moderate Risk
Seafood,126,12.97,29,265.15,126,Safe
Dairy,188,17.69,28,193.56,188,Safe
Vegetables,91,12.9,15,390.43,91,Safe
Vegetables,167,20.47,30,97.47,167,Safe
Meat,31,19.25,26,166.47,31,Safe
Seafood,47,5.85,13,276.81,47,Safe
Meat,119,15.22,29,350.96,119,Safe
Meat,47,22.82,10,76.05,47,Safe
Bakery,122,20.68,12,178.91,122,Safe
Bakery,124,3.84,20,242.15,124,High Risk
Fruits,40,8.77,3,462.81,40,Moderate Risk
Dairy,43,17.11,13,123.41,43,Safe
Meat,144,24.27,21,77.36,144,Safe
Seafood,124,20.94,28,381.27,124,Safe
Fruits,122,1.39,23,286.13,122,High Risk
Bakery,196,14.09,18,127.82,196,Safe
Bakery,178,21.54,28,258.68,178,Safe
Seafood,48,6.38,27,276.02,48,Safe
Fruits,48,1.83,20,25.83,48,Safe
Bakery,193,4.4,9,439.82,193,High Risk
Meat,190,11.34,19,424.62,190,Safe
Bakery,9,16.17,21,197.2,9,Safe
Seafood,72,23.14,9,86.83,72,Safe
Fruits,175,1.38,15,327.01,175,High Risk
Dairy,164,8.04,16,150.91,164,Safe
Fruits,63,14.55,12,158.66,63,Safe
Vegetables,116,2.55,22,21.37,116,Moderate Risk
Dairy,144,17.65,29,489.44,144,Safe
Vegetables,184,13.75,19,76.75,184,Safe
Seafood,197,1.61,21,243.29,197,High Risk
Meat,196,3.31,20,453.25,196,High Risk
Bakery,128,6.32,18,480.02,128,Moderate Risk
Dairy,147,23.04,14,246.99,147,Safe
Fruits,10,5.81,9,141.51,10,Safe
Bakery,117,24.48,4,353.37,117,Moderate Risk
Meat,179,19.99,2,15.2,179,High Risk
Seafood,163,14.25,27,168.94,163,Safe
Dairy,165,10.08,7,310.08,165,Safe
Meat,125,16.67,8,159.49,125,Safe
Seafood,90,5.93,20,208.99,90,Moderate Risk
Dairy,164,12.67,2,256.13,164,High Risk
Vegetables,46,15.13,6,213.59,46,Moderate Risk
Meat,180,7.14,28,76.67,180,Moderate Risk
Seafood,142,1.58,3,195.65,142,High Risk
Vegetables,64,1.87,7,108.03,64,Safe
Bakery,18,19.34,26,101.08,18,Safe
Bakery,108,18.05,1,114.31,108,High Risk
Vegetables,105,1.73,12,425.9,105,Moderate Risk
Vegetables,134,5.36,18,287.47,134,Moderate Risk
Vegetables,90,4.2,15,23.79,90,Moderate Risk
Fruits,174,16.96,4,366.8,174,Moderate Risk
Seafood,46,16.8,25,477.07,46,Safe
Bakery,155,2.07,9,341.0,155,High Risk
Fruits,118,23.09,6,125.56,118,Moderate Risk
Meat,187,5.06,13,206.52,187,Moderate Risk
Seafood,111,24.64,14,12.4,111,Safe
Vegetables,43,2.21,21,404.86,43,Safe
Seafood,164,11.72,24,191.83,164,Safe
Vegetables,53,15.48,17,141.71,53,Safe
Dairy,59,8.81,29,446.64,59,Safe
Meat,166,14.96,17,73.31,166,Safe
Dairy,184,16.68,15,339.8,184,Safe
Vegetables,50,13.2,15,149.7,50,Safe
Dairy,57,13.26,24,119.63,57,Safe
Dairy,23,5.39,27,212.57,23,Safe
Dairy,51,4.9,30,303.81,51,Safe
Vegetables,26,3.84,10,163.47,26,Safe
Seafood,65,4.38,20,164.27,65,Safe
Vegetables,90,19.23,22,330.65,90,Safe
Dairy,190,21.58,4,204.78,190,Moderate Risk
Dairy,50,23.71,17,167.01,50,Safe
Meat,111,12.27,3,280.94,111,Moderate Risk
Meat,9,12.46,21,357.46,9,Safe
Meat,71,24.38,10,26.35,71,Safe
Dairy,61,16.71,9,479.25,61,Safe
Fruits,15,21.98,30,32.54,15,Safe
Vegetables,152,13.8,10,82.83,152,Safe
Bakery,63,11.34,14,233.29,63,Safe
Fruits,32,20.32,12,340.48,32,Safe
Bakery,162,6.28,18,10.88,162,Moderate Risk
Meat,126,3.63,13,139.87,126,High Risk
Seafood,88,10.23,26,366.97,88,Safe
Bakery,71,23.22,14,348.29,71,Safe
Vegetables,168,24.51,7,477.81,168,Safe
Dairy,133,22.99,29,498.75,133,Safe
Meat,102,13.5,30,34.38,102,Safe
Meat,71,15.99,3,393.63,71,Moderate Risk
Bakery,155,4.95,4,129.6,155,High Risk
Meat,154,15.84,3,405.79,154,Moderate Risk
Bakery,131,5.83,9,399.44,131,Moderate Risk
Seafood,86,23.63,13,495.4,86,Safe
Bakery,68,23.07,12,356.12,68,Safe
Seafood,140,18.97,16,396.25,140,Safe
Seafood,77,19.44,26,23.68,77,Safe
Seafood,120,17.72,3,353.76,120,Moderate Risk
Dairy,9,15.08,8,166.05,9,Safe
Seafood,64,6.38,28,28.31,64,Safe
Dairy,113,5.22,3,140.58,113,Moderate Risk
Vegetables,149,13.82,3,206.06,149,Moderate Risk
Vegetables,181,7.76,16,56.82,181,Moderate Risk
Dairy,143,24.71,20,371.31,143,Safe
Dairy,156,1.88,3,242.04,156,High Risk
Vegetables,110,22.53,13,46.08,110,Safe
Vegetables,126,14.19,18,163.89,126,Safe
Dairy,61,2.66,21,173.86,61,Safe
Vegetables,70,23.78,4,190.98,70,Moderate Risk
Dairy,39,19.28,28,494.87,39,Safe
Seafood,151,22.72,7,155.58,151,Safe
Meat,38,18.02,10,430.69,38,Safe
Meat,21,13.1,29,85.88,21,Safe
Vegetables,58,6.28,26,168.89,58,Safe
Fruits,166,20.97,22,248.45,166,Safe
Vegetables,25,24.11,29,10.49,25,Safe
Bakery,167,21.73,10,12.41,167,Safe
Seafood,87,4.08,9,392.09,87,Moderate Risk
Dairy,19,24.5,1,82.46,19,High Risk
Fruits,149,1.56,10,112.12,149,High Risk
Dairy,59,24.06,2,265.38,59,High Risk
Fruits,194,2.64,18,11.03,194,High Risk
Meat,74,18.51,4,222.26,74,Moderate Risk
Meat,153,14.94,22,56.01,153,Safe
Bakery,169,6.15,5,199.57,169,Moderate Risk
Bakery,129,8.66,13,147.95,129,Safe
Seafood,55,21.11,10,355.62,55,Safe
Bakery,98,2.97,29,28.38,98,Moderate Risk
Seafood,18,22.71,21,191.12,18,Safe
Vegetables,185,14.81,29,482.55,185,Safe
Fruits,105,24.74,24,237.93,105,Safe
Dairy,114,16.29,6,93.22,114,Moderate Risk
Vegetables,24,11.87,9,363.3,24,Safe
Dairy,173,20.31,4,355.54,173,Moderate Risk
Vegetables,188,18.14,22,313.14,188,Safe
Fruits,8,17.54,27,206.59,8,Safe
Vegetables,88,17.13,28,118.86,88,Safe
Dairy,35,12.76,6,447.55,35,Moderate Risk
Dairy,84,7.64,14,333.98,84,Moderate Risk
Bakery,47,19.97,29,428.74,47,Safe
Dairy,76,20.74,11,110.48,76,Safe
Seafood,40,8.6,20,197.79,40,Safe
Dairy,26,21.55,10,357.29,26,Safe
Meat,46,18.59,29,55.33,46,Safe
Meat,14,18.4,20,312.0,14,Safe
Fruits,168,11.64,21,121.75,168,Safe
Dairy,161,11.21,9,153.78,161,Safe
Dairy,186,11.89,3,353.97,186,Moderate Risk
Vegetables,76,6.93,27,390.96,76,Safe
Bakery,179,13.59,10,101.12,179,Safe
Seafood,95,19.1,16,327.6,95,Safe
Vegetables,132,20.85,17,46.5,132,Safe
Fruits,155,19.58,25,223.64,155,Safe
Fruits,137,9.68,12,65.14,137,Safe
Meat,89,4.29,11,170.24,89,Moderate Risk
Meat,48,9.42,12,119.28,48,Safe
Bakery,111,17.5,15,403.46,111,Safe
Seafood,58,3.13,21,268.36,58,Safe
Vegetables,147,12.31,13,87.61,147,Safe
Seafood,88,17.95,25,485.18,88,Safe
Vegetables,192,13.45,23,99.79,192,Safe
Seafood,185,10.42,13,316.43,185,Safe
Bakery,25,7.37,15,328.98,25,Safe
Dairy,104,12.2,4,86.97,104,Moderate Risk
Vegetables,179,12.86,21,64.52,179,Safe
Meat,170,24.25,16,356.61,170,Safe
Dairy,132,11.46,28,449.38,132,Safe
Bakery,84,13.85,11,189.68,84,Safe
Meat,197,9.03,23,121.87,197,Safe
Vegetables,91,2.53,2,252.13,91,High Risk
Seafood,189,2.38,12,379.5,189,High Risk
Seafood,16,15.18,9,423.96,16,Safe
Seafood,14,11.4,25,57.11,14,Safe
Seafood,123,19.31,22,239.22,123,Safe
Fruits,186,11.83,30,149.58,186,Safe
Seafood,125,17.81,8,263.5,125,Safe
Meat,198,21.37,24,395.51,198,Safe
Vegetables,109,7.14,24,439.84,109,Moderate Risk
Meat,61,19.81,20,149.06,61,Safe
Meat,125,22.91,19,364.31,125,Safe
Seafood,139,11.25,30,421.05,139,Safe
Vegetables,8,6.33,23,208.68,8,Safe
Vegetables,86,22.48,4,187.42,86,Moderate Risk
Fruits,153,5.5,22,297.62,153,Moderate Risk
Meat,89,24.7,26,487.08,89,Safe
Dairy,18,16.65,23,362.92,18,Safe
Meat,71,19.26,11,484.23,71,Safe
Vegetables,171,12.28,29,253.52,171,Safe
Dairy,26,7.95,8,453.92,26,Safe
Dairy,193,2.07,14,363.49,193,High Risk
Seafood,147,1.17,7,333.18,147,High Risk
Bakery,87,17.37,26,412.62,87,Safe
Dairy,131,16.94,6,354.77,131,Moderate Risk
Seafood,80,19.71,15,70.26,80,Safe
Meat,78,1.23,14,92.09,78,Safe
Seafood,23,15.43,24,386.15,23,Safe
Fruits,108,12.93,13,12.19,108,Safe
Bakery,168,3.59,1,368.06,168,High Risk
Meat,163,7.94,17,236.93,163,Moderate Risk
Seafood,94,5.94,3,139.05,94,Moderate Risk
Seafood,49,6.89,1,24.55,49,High Risk
Vegetables,42,22.9,24,98.83,42,Safe
Fruits,103,24.53,24,160.07,103,Safe
Fruits,19,4.11,4,427.17,19,Moderate Risk
Meat,190,12.5,27,335.48,190,Safe
Seafood,31,19.23,16,167.93,31,Safe
Bakery,174,13.35,8,83.42,174,Safe
Bakery,10,6.89,25,280.24,10,Safe
Fruits,113,11.4,14,197.91,113,Safe
Fruits,42,16.39,6,134.45,42,Moderate Risk
Meat,16,16.96,19,176.88,16,Safe
Fruits,96,2.28,26,341.62,96,Moderate Risk
Vegetables,103,16.72,28,236.86,103,Safe
Meat,109,6.52,1,418.52,109,High Risk
Seafood,68,11.49,5,335.86,68,Moderate Risk
Bakery,32,7.45,1,213.17,32,High Risk
Meat,72,1.2,28,414.03,72,Safe
Meat,54,9.37,20,420.98,54,Safe
Dairy,80,7.59,11,398.53,80,Safe
Seafood,129,6.06,26,225.74,129,Moderate Risk
Fruits,57,16.82,20,110.25,57,Safe
Seafood,57,6.06,3,227.36,57,Moderate Risk
Seafood,52,16.9,29,275.01,52,Safe
Vegetables,149,11.86,18,45.21,149,Safe
Meat,77,15.86,15,91.42,77,Safe
Dairy,188,15.01,30,446.31,188,Safe
Dairy,191,1.21,28,409.48,191,High Risk
Meat,171,17.1,7,354.38,171,Safe
Vegetables,33,11.37,14,389.35,33,Safe
Seafood,196,13.97,15,220.28,196,Safe
Dairy,170,14.11,5,155.12,170,Moderate Risk
Meat,112,11.98,25,297.61,112,Safe
Vegetables,191,20.21,22,253.73,191,Safe
Meat,86,2.85,16,142.11,86,Moderate Risk
Meat,88,4.38,13,133.79,88,Moderate Risk
Bakery,79,16.95,2,87.06,79,High Risk
Seafood,105,17.53,23,77.58,105,Safe
Meat,157,7.61,22,348.08,157,Moderate Risk
Bakery,136,24.44,8,316.94,136,Safe
Meat,85,24.39,15,101.48,85,Safe
Bakery,16,4.8,5,233.12,16,Moderate Risk
Dairy,156,14.95,24,203.54,156,Safe
Dairy,172,10.99,26,419.12,172,Safe
Vegetables,111,22.87,29,235.37,111,Safe
Dairy,27,5.58,3,473.43,27,Moderate Risk
Bakery,101,13.09,8,420.1,101,Safe
Dairy,177,17.28,23,215.9,177,Safe
Dairy,142,19.42,30,98.37,142,Safe
Dairy,67,12.42,12,248.18,67,Safe
Dairy,43,6.88,26,240.31,43,Safe
Seafood,69,8.51,29,398.73,69,Safe
Vegetables,181,19.83,30,135.76,181,Safe
Seafood,69,3.6,13,336.3,69,Safe
Meat,177,21.97,14,272.39,177,Safe
Bakery,138,3.98,2,498.6,138,High Risk
Vegetables,180,17.26,4,433.79,180,Moderate Risk
Fruits,14,13.19,27,237.3,14,Safe
Meat,182,3.54,19,405.27,182,High Risk
Vegetables,97,3.95,28,474.75,97,Moderate Risk
Bakery,73,17.07,12,265.01,73,Safe
Dairy,38,24.43,11,125.86,38,Safe
Dairy,184,6.24,7,426.09,184,Moderate Risk
Vegetables,44,6.05,12,76.2,44,Safe
Meat,32,15.97,2,12.48,32,High Risk
Vegetables,59,6.9,26,459.47,59,Safe
Vegetables,23,19.55,14,186.56,23,Safe
Meat,15,24.09,1,146.11,15,High Risk
Vegetables,37,13.71,9,282.42,37,Safe
Seafood,58,24.25,11,458.7,58,Safe
Bakery,93,3.82,10,361.57,93,Moderate Risk
Dairy,193,18.05,28,315.1,193,Safe
Fruits,109,4.3,22,53.34,109,Moderate Risk
Vegetables,177,19.57,23,395.23,177,Safe
Dairy,24,3.7,3,106.41,24,Moderate Risk
Fruits,123,17.52,24,401.61,123,Safe
Dairy,137,2.85,3,181.41,137,High Risk
Vegetables,146,8.25,15,488.3,146,Safe
Seafood,154,6.65,1,282.79,154,High Risk
Dairy,62,22.37,9,487.69,62,Safe
Meat,32,15.11,10,17.41,32,Safe
Meat,90,20.42,17,291.04,90,Safe
Dairy,33,5.83,18,235.46,33,Safe
Meat,193,21.76,22,69.0,193,Safe
Bakery,119,8.9,26,69.85,119,Safe
Vegetables,54,15.49,4,270.53,54,Moderate Risk
Seafood,36,1.04,10,432.75,36,Safe
Vegetables,103,19.27,16,98.79,103,Safe
Fruits,120,8.24,7,110.21,120,Safe
Vegetables,177,5.94,11,33.48,177,Moderate Risk
Seafood,174,13.21,26,444.45,174,Safe
Bakery,19,13.1,12,487.28,19,Safe
Vegetables,141,19.47,8,228.95,141,Safe
Dairy,200,1.12,8,392.02,200,High Risk
Dairy,94,23.85,30,467.1,94,Safe
Dairy,175,8.07,13,45.02,175,Safe
Fruits,172,17.19,5,251.24,172,Moderate Risk
Bakery,50,5.62,24,385.82,50,Safe
Fruits,30,6.2,7,256.38,30,Safe
Dairy,193,8.75,6,156.44,193,Moderate Risk
Fruits,134,22.19,4,310.06,134,Moderate Risk
Meat,126,3.22,20,259.72,126,High Risk
Dairy,100,10.96,7,480.49,100,Safe
Fruits,32,9.62,24,260.42,32,Safe
Fruits,184,12.01,26,28.88,184,Safe
Meat,158,14.4,11,233.66,158,Safe
Bakery,16,6.2,4,92.25,16,Moderate Risk
Bakery,51,12.41,22,179.83,51,Safe
Dairy,83,3.99,10,383.03,83,Moderate Risk
Fruits,103,9.66,29,31.41,103,Safe
Seafood,83,20.44,3,459.44,83,Moderate Risk
Vegetables,35,22.34,17,54.99,35,Safe
Meat,155,17.16,10,110.23,155,Safe
Vegetables,115,7.01,10,367.11,115,Moderate Risk
Seafood,77,7.43,7,31.07,77,Safe
Seafood,56,15.31,27,39.26,56,Safe
Dairy,29,22.6,30,153.77,29,Safe
Seafood,71,2.97,4,122.46,71,Moderate Risk
Meat,80,12.21,24,207.68,80,Safe
Vegetables,45,11.46,11,349.8,45,Safe
Dairy,190,4.81,19,460.29,190,High Risk
Seafood,104,21.55,4,89.77,104,Moderate Risk
Bakery,19,23.95,26,391.16,19,Safe
Meat,13,17.36,27,81.02,13,Safe
Bakery,47,14.91,21,471.04,47,Safe
Bakery,5,5.17,11,479.26,5,Safe
Vegetables,167,11.91,6,360.81,167,Moderate Risk
Bakery,88,8.42,3,451.21,88,Moderate Risk
Vegetables,172,15.79,28,147.71,172,Safe
Dairy,22,21.99,17,440.68,22,Safe
Fruits,9,16.66,4,122.05,9,Moderate Risk
Dairy,151,7.05,2,127.93,151,High Risk
Vegetables,83,16.95,19,288.21,83,Safe
Bakery,89,2.62,19,433.95,89,Moderate Risk
Seafood,140,8.13,7,10.52,140,Safe
Fruits,22,15.54,19,339.52,22,Safe
Fruits,90,5.61,9,229.57,90,Moderate Risk
Bakery,173,7.04,20,65.62,173,Moderate Risk
Fruits,179,20.77,6,455.5,179,Moderate Risk
Meat,163,11.71,11,397.72,163,Safe
Dairy,98,1.98,2,142.17,98,High Risk
Bakery,37,2.13,20,292.1,37,Safe
Vegetables,178,8.98,8,89.14,178,Safe
Meat,62,6.89,22,490.3,62,Safe
Bakery,124,19.88,30,222.18,124,Safe
Vegetables,46,24.85,24,43.09,46,Safe
Fruits,137,3.4,11,111.99,137,High Risk
Dairy,135,24.87,30,406.86,135,Safe
Bakery,24,18.53,21,193.74,24,Safe
Vegetables,137,16.35,28,276.37,137,Safe
Dairy,62,21.05,12,152.77,62,Safe
Seafood,36,3.64,22,409.53,36,Safe
Seafood,146,12.82,29,153.28,146,Safe
Fruits,109,9.76,26,314.96,109,Safe
Bakery,186,15.39,16,392.99,186,Safe
Fruits,53,21.76,15,247.53,53,Safe
Vegetables,63,2.58,16,92.09,63,Safe
Bakery,196,6.89,26,238.15,196,Moderate Risk
Vegetables,82,23.06,15,312.6,82,Safe
Meat,188,9.63,26,304.22,188,Safe
Dairy,37,11.86,21,76.43,37,Safe
Fruits,34,15.07,26,439.84,34,Safe
Vegetables,164,1.56,17,118.53,164,High Risk
Meat,7,20.59,1,300.71,7,High Risk
Bakery,16,21.54,22,83.28,16,Safe
Meat,51,18.7,19,204.26,51,Safe
Vegetables,73,24.14,14,281.41,73,Safe
Seafood,151,12.35,9,209.35,151,Safe
Bakery,41,21.64,9,116.58,41,Safe
Bakery,76,23.63,10,193.63,76,Safe
Vegetables,171,20.85,30,289.22,171,Safe
Vegetables,149,24.5,14,16.76,149,Safe
Vegetables,134,4.78,10,129.31,134,High Risk
Meat,47,21.42,26,44.36,47,Safe
Bakery,157,12.47,12,193.88,157,Safe
Seafood,33,9.08,20,125.47,33,Safe
Dairy,98,2.85,14,53.96,98,Moderate Risk
Seafood,6,11.41,14,118.88,6,Safe
Dairy,116,24.86,5,248.76,116,Moderate Risk
Bakery,148,22.2,12,136.44,148,Safe
Meat,179,8.34,29,399.33,179,Safe
Meat,90,1.6,15,454.72,90,Moderate Risk
Seafood,188,2.97,5,123.07,188,High Risk
Seafood,119,7.25,21,366.37,119,Moderate Risk
Dairy,125,10.75,10,58.53,125,Safe
Seafood,186,19.82,20,74.57,186,Safe
Vegetables,122,14.48,16,216.33,122,Safe
Vegetables,110,5.0,6,469.94,110,Moderate Risk
Dairy,59,23.36,15,255.49,59,Safe
Meat,9,11.92,23,479.41,9,Safe
Vegetables,69,3.24,13,294.51,69,Safe
Meat,191,11.69,5,35.45,191,Moderate Risk
Fruits,140,9.37,5,332.66,140,Moderate Risk
Meat,82,12.62,30,207.25,82,Safe
Dairy,141,2.21,1,426.76,141,High Risk
Dairy,163,6.64,21,37.93,163,Moderate Risk
Seafood,139,13.7,26,161.71,139,Safe
Fruits,56,15.78,11,403.87,56,Safe
Meat,45,9.06,7,339.23,45,Safe
Fruits,35,17.87,10,42.73,35,Safe
Meat,71,9.72,17,327.73,71,Safe
Bakery,93,12.6,10,75.82,93,Safe
Fruits,142,23.85,7,435.95,142,Safe
Meat,84,6.49,12,442.24,84,Moderate Risk
Dairy,156,3.63,18,310.85,156,High Risk
Fruits,94,19.26,4,148.71,94,Moderate Risk
Bakery,155,1.89,21,151.72,155,High Risk
Meat,70,13.74,12,193.78,70,Safe
Bakery,49,15.69,21,153.88,49,Safe
Seafood,179,8.67,9,441.74,179,Safe
Bakery,39,5.64,2,249.91,39,High Risk
Meat,85,4.74,24,11.44,85,Moderate Risk
Meat,182,10.24,20,489.06,182,Safe
Fruits,72,9.44,28,158.59,72,Safe
Dairy,192,21.05,11,150.29,192,Safe
Vegetables,26,19.34,21,269.87,26,Safe
Seafood,181,6.64,21,451.89,181,Moderate Risk
Dairy,142,19.42,18,33.01,142,Safe
Dairy,177,2.97,5,326.34,177,High Risk
Bakery,22,16.86,9,262.9,22,Safe
Vegetables,200,1.55,30,376.54,200,High Risk
Dairy,28,16.8,16,102.95,28,Safe
Seafood,35,17.46,19,244.19,35,Safe
Seafood,11,23.13,26,280.33,11,Safe
Vegetables,177,16.44,9,258.11,177,Safe
Fruits,87,20.8,21,263.89,87,Safe
Meat,109,14.95,7,337.82,109,Safe
Meat,130,14.39,1,359.89,130,High Risk
Bakery,158,23.82,26,191.74,158,Safe
Bakery,170,7.13,11,227.4,170,Moderate Risk
Meat,176,9.62,19,422.37,176,Safe
Bakery,19,15.21,27,218.6,19,Safe
Dairy,47,10.98,15,414.94,47,Safe
Vegetables,169,20.3,11,126.72,169,Safe
Dairy,114,23.18,16,433.11,114,Safe
Bakery,104,16.03,25,37.31,104,Safe
Seafood,9,16.98,28,444.58,9,Safe
Fruits,129,22.55,24,73.5,129,Safe
Dairy,169,7.53,4,320.26,169,Moderate Risk
Vegetables,119,13.25,9,211.62,119,Safe
Seafood,179,2.3,18,261.83,179,High Risk
Dairy,114,5.8,21,465.12,114,Moderate Risk
Dairy,90,8.76,11,469.45,90,Safe
Bakery,118,17.24,5,223.76,118,Moderate Risk
Vegetables,168,13.94,11,485.33,168,Safe
Fruits,155,7.1,2,428.9,155,High Risk
Seafood,145,13.75,3,55.58,145,Moderate Risk
Seafood,83,5.61,10,395.16,83,Moderate Risk
Dairy,27,1.8,27,335.25,27,Safe
Fruits,33,8.42,2,252.19,33,High Risk
Vegetables,24,12.76,24,64.25,24,Safe
Bakery,17,5.23,19,256.6,17,Safe
Fruits,83,3.29,26,14.22,83,Moderate Risk
Bakery,91,22.34,3,72.63,91,Moderate Risk
Dairy,146,20.72,6,15.8,146,Moderate Risk
Fruits,137,23.14,4,272.51,137,Moderate Risk
Seafood,94,10.41,6,493.4,94,Moderate Risk
Meat,104,18.93,12,243.44,104,Safe
Bakery,62,8.4,29,487.9,62,Safe
Vegetables,200,6.02,16,94.34,200,Moderate Risk
Fruits,42,4.39,16,255.21,42,Safe
Dairy,95,12.87,10,337.36,95,Safe
Seafood,39,2.51,10,165.9,39,Safe
Vegetables,44,13.63,26,163.45,44,Safe
Dairy,137,15.58,10,327.94,137,Safe
Fruits,115,7.34,14,134.47,115,Moderate Risk
Dairy,147,1.22,6,164.08,147,High Risk
Meat,64,8.48,3,382.36,64,Moderate Risk
Dairy,101,17.52,25,367.37,101,Safe
Bakery,117,9.19,8,79.93,117,Safe
Fruits,39,24.81,8,139.55,39,Safe
Bakery,101,24.24,23,136.87,101,Safe
Vegetables,93,17.48,1,406.35,93,High Risk
Vegetables,35,18.13,18,152.85,35,Safe
Vegetables,20,2.29,7,55.85,20,Safe
Bakery,153,21.16,20,195.43,153,Safe
Dairy,197,3.54,16,304.83,197,High Risk
Fruits,141,19.44,18,124.14,141,Safe
Seafood,178,13.62,20,416.44,178,Safe
Vegetables,138,15.95,9,244.13,138,Safe
Dairy,73,2.34,3,377.96,73,Moderate Risk
Dairy,35,16.01,28,153.35,35,Safe
Bakery,147,15.06,17,415.15,147,Safe
Vegetables,183,3.49,1,442.91,183,High Risk
Dairy,192,1.89,21,145.99,192,High Risk
Meat,103,3.31,3,496.18,103,Moderate Risk
Fruits,199,8.23,7,355.17,199,Safe
Vegetables,71,21.77,26,278.28,71,Safe
Bakery,116,18.76,21,264.56,116,Safe
Dairy,193,20.61,6,284.34,193,Moderate Risk
Fruits,40,10.51,6,417.97,40,Moderate Risk
Meat,190,17.08,2,256.08,190,High Risk
Dairy,78,1.09,20,135.43,78,Safe
Dairy,50,15.58,9,218.41,50,Safe
Dairy,57,2.15,25,182.75,57,Safe
Fruits,90,2.79,12,397.01,90,Moderate Risk
Bakery,93,8.36,14,47.45,93,Safe
Bakery,64,10.99,15,227.57,64,Safe
Bakery,9,7.0,7,12.77,9,Safe
Meat,67,9.92,16,65.22,67,Safe
Meat,160,17.16,25,152.85,160,Safe
Vegetables,72,8.07,1,436.97,72,High Risk
Meat,30,5.98,23,216.32,30,Safe
Bakery,7,12.31,6,429.47,7,Moderate Risk
Fruits,108,2.53,18,328.11,108,Moderate Risk
Dairy,188,6.73,20,499.88,188,Moderate Risk
Bakery,152,22.32,30,49.59,152,Safe
Bakery,173,13.73,17,482.68,173,Safe
Bakery,105,9.37,7,498.3,105,Safe
Fruits,120,5.79,25,192.03,120,Moderate Risk
Seafood,118,20.37,23,366.88,118,Safe
Vegetables,123,5.82,18,422.12,123,Moderate Risk
Dairy,103,6.56,27,22.39,103,Moderate Risk
Vegetables,173,4.64,16,198.67,173,High Risk
Vegetables,31,18.37,5,70.33,31,Moderate Risk
Meat,8,13.66,27,402.12,8,Safe
Fruits,177,6.82,27,287.2,177,Moderate Risk
Vegetables,41,19.57,8,255.18,41,Safe
Fruits,115,8.09,25,283.5,115,Safe
Vegetables,77,18.08,12,416.95,77,Safe
Dairy,107,11.1,14,366.78,107,Safe
Vegetables,37,12.69,12,472.75,37,Safe
Vegetables,45,1.11,29,15.66,45,Safe
Bakery,94,24.08,23,195.24,94,Safe
Bakery,15,14.99,5,339.21,15,Moderate Risk
Meat,130,2.55,18,345.59,130,High Risk
Meat,194,9.45,11,116.29,194,Safe
Meat,163,5.83,18,85.44,163,Moderate Risk
Seafood,26,10.37,27,411.41,26,Safe
Meat,131,10.36,22,347.92,131,Safe
Bakery,77,18.22,1,307.33,77,High Risk
Dairy,31,11.82,24,387.78,31,Safe
Fruits,178,12.9,8,397.01,178,Safe
Vegetables,168,21.03,22,33.74,168,Safe
Vegetables,120,22.41,19,245.5,120,Safe
Fruits,172,14.71,20,371.2,172,Safe
Meat,70,2.34,15,425.14,70,Safe
Vegetables,103,2.23,10,399.63,103,Moderate Risk
Dairy,181,20.29,8,288.44,181,Safe
Dairy,68,12.51,29,148.95,68,Safe
Seafood,129,18.13,28,387.66,129,Safe
Meat,81,7.24,8,279.85,81,Moderate Risk
Seafood,29,4.29,8,370.25,29,Safe
Seafood,186,5.44,15,421.53,186,Moderate Risk
Bakery,74,17.27,6,124.69,74,Moderate Risk
Seafood,35,3.35,23,185.77,35,Safe
Meat,185,19.25,4,292.28,185,Moderate Risk
Fruits,47,18.36,16,73.59,47,Safe
Dairy,130,9.8,25,72.19,130,Safe
Bakery,25,3.15,21,74.56,25,Safe
Fruits,174,4.83,19,441.94,174,High Risk
Meat,37,16.12,22,368.9,37,Safe
Dairy,151,15.75,27,131.41,151,Safe
Fruits,34,4.89,29,112.42,34,Safe
Bakery,165,22.39,11,194.19,165,Safe
Vegetables,154,4.21,17,301.45,154,High Risk
Vegetables,13,19.08,17,336.67,13,Safe
Bakery,101,23.13,22,251.95,101,Safe
Bakery,84,15.79,10,366.13,84,Safe
Dairy,58,19.15,13,161.78,58,Safe
Fruits,74,3.18,6,254.88,74,Moderate Risk
Bakery,184,5.75,17,404.19,184,Moderate Risk
Vegetables,40,8.2,24,210.56,40,Safe
Meat,164,14.49,11,206.25,164,Safe
Fruits,131,6.68,24,96.28,131,Moderate Risk
Bakery,123,8.26,24,327.81,123,Safe
Dairy,132,20.38,28,135.3,132,Safe
Seafood,69,19.95,2,127.33,69,High Risk
Fruits,62,17.0,3,433.01,62,Moderate Risk
Meat,178,4.68,16,42.06,178,High Risk
Meat,113,22.88,16,193.53,113,Safe
Bakery,150,22.75,27,20.29,150,Safe
Bakery,144,6.1,7,296.24,144,Moderate Risk
Vegetables,80,24.59,6,436.69,80,Moderate Risk
Vegetables,162,5.37,12,139.75,162,Moderate Risk
Bakery,183,23.19,28,228.21,183,Safe
Dairy,153,14.88,30,40.72,153,Safe
Meat,48,8.08,22,257.86,48,Safe
Bakery,132,11.71,3,300.3,132,Moderate Risk
Fruits,41,17.71,10,295.7,41,Safe
Seafood,198,14.26,22,483.24,198,Safe
Seafood,134,23.46,13,489.22,134,Safe
Seafood,197,22.53,23,372.72,197,Safe
Vegetables,80,18.02,6,408.81,80,Moderate Risk
Vegetables,19,21.56,14,249.63,19,Safe
Meat,107,23.01,22,127.09,107,Safe
Dairy,44,23.48,30,55.98,44,Safe
Dairy,195,17.77,7,498.87,195,Safe
Vegetables,101,5.52,4,242.85,101,Moderate Risk
Meat,171,12.8,10,283.13,171,Safe
Fruits,186,22.21,30,462.56,186,Safe
Bakery,80,11.62,23,305.22,80,Safe
Seafood,198,19.88,22,121.02,198,Safe
Seafood,104,9.62,23,274.83,104,Safe
Meat,132,9.54,14,495.75,132,Safe
Vegetables,20,22.61,30,387.41,20,Safe
Fruits,101,1.97,13,43.19,101,Moderate Risk
Fruits,90,12.91,11,240.93,90,Safe
Seafood,51,22.15,9,361.42,51,Safe
Seafood,11,23.87,1,21.22,11,High Risk
Dairy,6,1.29,12,314.58,6,Safe
Bakery,95,2.39,16,171.62,95,Moderate Risk
Bakery,154,17.99,10,69.67,154,Safe
Bakery,134,2.15,3,326.35,134,High Risk
Seafood,18,24.58,3,295.06,18,Moderate Risk
Vegetables,191,24.9,2,494.0,191,High Risk
Vegetables,195,12.73,30,455.93,195,Safe
Dairy,93,13.14,30,258.11,93,Safe
Vegetables,120,22.62,14,284.62,120,Safe
Bakery,165,4.77,5,418.8,165,High Risk
Seafood,129,15.92,23,484.99,129,Safe
Bakery,154,19.06,26,74.37,154,Safe
Meat,7,14.01,27,296.81,7,Safe
Dairy,134,9.44,30,41.29,134,Safe
Seafood,112,11.97,4,350.54,112,Moderate Risk
Bakery,102,19.56,12,202.56,102,Safe
Meat,110,20.77,10,429.98,110,Safe
Dairy,109,21.56,3,177.62,109,Moderate Risk
Fruits,76,8.79,26,399.96,76,Safe
Seafood,90,8.21,16,71.77,90,Safe
Meat,182,10.88,15,31.37,182,Safe
Seafood,192,20.92,19,132.68,192,Safe
Meat,44,22.08,17,421.79,44,Safe
Vegetables,138,22.82,13,271.49,138,Safe
Fruits,83,14.95,1,85.81,83,High Risk
Vegetables,10,7.9,23,236.4,10,Safe
Meat,17,15.18,3,18.16,17,Moderate Risk
Vegetables,174,16.86,30,499.18,174,Safe
Meat,70,20.17,29,188.8,70,Safe
Bakery,44,9.53,15,378.79,44,Safe
Meat,36,6.77,8,174.98,36,Safe
Bakery,43,8.23,2,76.71,43,High Risk
Bakery,30,24.21,3,477.69,30,Moderate Risk
Seafood,40,6.87,5,219.76,40,Moderate Risk
Bakery,146,17.03,9,93.16,146,Safe
Vegetables,109,8.66,11,172.28,109,Safe
Meat,47,2.48,2,471.4,47,High Risk
Vegetables,119,15.39,9,214.21,119,Safe
Dairy,175,13.04,29,311.2,175,Safe
Seafood,94,8.24,19,27.02,94,Safe
Meat,177,10.27,17,110.66,177,Safe
Vegetables,27,19.12,13,96.45,27,Safe
Vegetables,5,8.9,18,46.45,5,Safe
Dairy,120,15.03,1,220.67,120,High Risk
Dairy,155,2.53,8,486.59,155,High Risk
Meat,164,21.53,23,231.47,164,Safe
Bakery,114,12.69,17,336.63,114,Safe
Fruits,16,9.93,17,372.32,16,Safe
Dairy,125,14.27,6,414.68,125,Moderate Risk
Seafood,90,13.21,9,118.06,90,Safe
Vegetables,109,17.57,8,434.25,109,Safe
Meat,62,4.3,6,82.86,62,Moderate Risk
Bakery,68,6.39,10,74.65,68,Safe
Dairy,155,6.68,28,309.73,155,Moderate Risk
Dairy,82,18.91,28,276.63,82,Safe
Vegetables,32,21.02,11,319.4,32,Safe
Seafood,78,4.29,23,160.78,78,Safe
Bakery,57,6.21,10,340.76,57,Safe
Fruits,164,18.14,9,302.68,164,Safe
Meat,111,6.27,1,186.52,111,High Risk
Fruits,125,7.81,27,27.42,125,Moderate Risk
Fruits,117,15.96,11,421.37,117,Safe
Bakery,58,3.97,24,100.59,58,Safe
Fruits,95,9.66,19,247.76,95,Safe
Seafood,107,6.16,12,45.0,107,Moderate Risk
Dairy,124,24.31,19,41.96,124,Safe
Vegetables,78,21.04,29,173.49,78,Safe
Dairy,132,14.28,10,420.21,132,Safe
Dairy,182,24.9,3,129.84,182,Moderate Risk
Dairy,74,22.78,11,336.16,74,Safe
Vegetables,117,8.56,22,171.32,117,Safe
Vegetables,97,20.9,24,224.9,97,Safe
Bakery,98,4.13,4,375.8,98,Moderate Risk
Seafood,194,1.17,25,197.19,194,High Risk
Fruits,6,3.46,18,92.49,6,Safe
Dairy,79,2.51,7,496.82,79,Safe
Fruits,138,4.97,28,207.11,138,High Risk
Bakery,82,19.74,16,242.5,82,Safe
Fruits,106,15.31,29,123.78,106,Safe
Seafood,91,18.76,8,255.89,91,Safe
Dairy,58,9.09,19,347.12,58,Safe
Meat,142,22.52,6,279.36,142,Moderate Risk
Bakery,147,11.62,1,69.93,147,High Risk
Seafood,90,21.65,14,189.31,90,Safe
Meat,130,16.27,28,312.26,130,Safe
Bakery,178,5.65,28,172.78,178,Moderate Risk
Vegetables,188,18.03,16,308.95,188,Safe
Seafood,23,4.77,2,28.02,23,High Risk
Meat,135,1.55,27,144.41,135,High Risk
Vegetables,165,23.83,8,187.65,165,Safe
Seafood,76,20.77,3,175.17,76,Moderate Risk
Vegetables,13,21.29,15,305.32,13,Safe
Vegetables,9,20.87,17,491.02,9,Safe
Dairy,162,22.68,14,209.84,162,Safe
Dairy,100,12.75,7,323.34,100,Safe
Meat,151,12.64,24,268.47,151,Safe
Bakery,47,20.13,26,490.16,47,Safe
Fruits,119,16.86,9,309.89,119,Safe
Bakery,101,1.41,12,99.89,101,Moderate Risk
Fruits,32,13.1,22,463.23,32,Safe
Vegetables,22,10.96,20,427.9,22,Safe
Bakery,45,15.22,6,95.01,45,Moderate Risk
Fruits,40,16.87,17,40.03,40,Safe
Bakery,64,11.03,14,337.29,64,Safe
Seafood,26,6.51,14,311.34,26,Safe
Vegetables,21,9.64,11,496.8,21,Safe
Dairy,27,1.44,20,152.63,27,Safe
Fruits,86,9.41,6,43.54,86,Moderate Risk
Seafood,160,9.11,19,268.73,160,Safe
Bakery,45,1.24,25,288.89,45,Safe
Bakery,77,23.38,17,377.07,77,Safe
Meat,174,6.87,7,343.41,174,Moderate Risk
Meat,176,21.63,9,22.79,176,Safe
Vegetables,101,12.57,22,312.71,101,Safe
Dairy,135,4.05,27,107.65,135,High Risk
Meat,125,24.57,23,445.78,125,Safe
Vegetables,28,6.94,11,471.28,28,Safe
Bakery,140,20.82,6,437.31,140,Moderate Risk
Bakery,37,14.03,28,482.78,37,Safe
Dairy,188,14.1,10,343.36,188,Safe
Bakery,184,21.83,8,483.19,184,Safe
Dairy,195,6.68,2,165.61,195,High Risk
Vegetables,75,12.84,26,358.15,75,Safe
Fruits,128,10.13,16,142.18,128,Safe
Bakery,193,13.63,23,441.77,193,Safe
Vegetables,185,16.36,30,179.06,185,Safe
Meat,151,4.76,10,115.57,151,High Risk
Seafood,99,19.45,23,405.81,99,Safe
Seafood,200,11.13,9,72.86,200,Safe
Vegetables,144,20.28,7,57.5,144,Safe
Vegetables,67,5.24,2,268.25,67,High Risk
Vegetables,172,19.96,14,356.04,172,Safe
Bakery,91,8.36,27,299.37,91,Safe
Vegetables,172,16.75,17,194.46,172,Safe
Seafood,163,2.35,16,258.71,163,High Risk
Bakery,191,8.37,4,84.91,191,Moderate Risk
Bakery,80,12.41,28,292.17,80,Safe
Seafood,108,18.88,9,452.02,108,Safe
Fruits,167,6.39,12,494.87,167,Moderate Risk
Dairy,191,17.67,14,466.15,191,Safe
Fruits,68,17.59,4,25.21,68,Moderate Risk
Meat,192,23.18,5,359.51,192,Moderate Risk
Fruits,19,2.08,20,166.2,19,Safe
Seafood,16,23.09,27,66.56,16,Safe
Dairy,13,17.3,17,147.39,13,Safe
Seafood,96,13.65,15,469.51,96,Safe
Bakery,84,11.15,16,453.03,84,Safe
Vegetables,87,15.87,24,83.53,87,Safe
Bakery,84,13.41,18,371.32,84,Safe
Dairy,53,14.94,2,21.58,53,High Risk
Meat,71,11.12,8,454.45,71,Safe
Fruits,172,5.84,2,180.61,172,High Risk
Vegetables,8,15.74,24,376.06,8,Safe
Vegetables,171,1.9,28,133.1,171,High Risk
Vegetables,140,24.32,30,253.2,140,Safe
Meat,83,1.55,2,184.3,83,High Risk
Dairy,76,15.73,5,160.51,76,Moderate Risk
Fruits,188,18.5,6,338.59,188,Moderate Risk
Bakery,138,16.45,11,308.73,138,Safe
Dairy,97,24.95,4,210.49,97,Moderate Risk
Bakery,10,3.6,21,20.0,10,Safe
Vegetables,122,6.37,9,379.54,122,Moderate Risk
Bakery,197,20.5,24,10.64,197,Safe
Vegetables,67,5.42,30,161.74,67,Safe
Fruits,53,17.75,15,346.1,53,Safe
Meat,173,22.85,16,367.35,173,Safe
Meat,188,10.9,17,136.8,188,Safe
Vegetables,41,5.04,14,172.46,41,Safe
Bakery,40,5.69,16,44.0,40,Safe
Meat,174,10.43,9,272.78,174,Safe
Seafood,136,7.02,1,91.47,136,High Risk
Bakery,177,3.78,21,188.84,177,High Risk
Fruits,38,10.95,1,448.14,38,High Risk
Meat,29,22.02,17,16.97,29,Safe
Seafood,116,12.0,19,157.62,116,Safe
Seafood,50,16.31,29,45.09,50,Safe
Seafood,77,11.93,17,271.13,77,Safe
Seafood,53,22.4,2,100.85,53,High Risk
Fruits,47,7.37,9,37.92,47,Safe
Dairy,130,16.69,12,244.65,130,Safe
Bakery,68,20.29,22,30.5,68,Safe
Dairy,141,4.21,10,116.01,141,High Risk
Vegetables,153,12.63,8,65.35,153,Safe
Vegetables,32,24.41,29,286.49,32,Safe
Bakery,99,17.04,10,198.59,99,Safe
Bakery,95,14.05,1,299.42,95,High Risk
Seafood,196,10.22,2,331.26,196,High Risk
Meat,63,24.28,13,428.06,63,Safe
Bakery,79,13.11,25,15.93,79,Safe
Meat,77,23.19,13,444.8,77,Safe
Bakery,11,22.87,5,371.47,11,Moderate Risk
Dairy,58,16.38,5,122.77,58,Moderate Risk
Bakery,16,6.28,30,62.25,16,Safe
Meat,13,18.1,9,426.81,13,Safe
Meat,25,8.66,4,459.57,25,Moderate Risk
Meat,44,16.28,26,152.72,44,Safe
Vegetables,36,9.52,27,156.21,36,Safe
Dairy,187,12.98,18,481.6,187,Safe
Vegetables,164,24.33,18,106.12,164,Safe
Bakery,94,17.82,15,72.21,94,Safe
Dairy,178,6.24,22,274.65,178,Moderate Risk
Fruits,122,18.69,22,25.4,122,Safe
Fruits,6,8.68,16,29.95,6,Safe
Fruits,146,6.39,25,144.33,146,Moderate Risk
Dairy,122,9.91,23,407.17,122,Safe
Meat,120,24.58,8,394.5,120,Safe
Dairy,132,4.01,8,61.13,132,High Risk
Meat,141,5.46,26,487.33,141,Moderate Risk
Dairy,147,5.65,8,276.05,147,Moderate Risk
Dairy,137,20.38,29,305.25,137,Safe
Fruits,196,5.26,10,337.01,196,Moderate Risk
Vegetables,128,24.62,16,76.12,128,Safe
Fruits,27,5.65,15,42.33,27,Safe
Meat,67,13.48,8,258.31,67,Safe
Vegetables,113,10.17,22,383.6,113,Safe
Meat,170,23.64,21,73.9,170,Safe
Vegetables,16,7.8,7,128.34,16,Safe
Meat,159,6.59,23,398.31,159,Moderate Risk
Meat,9,2.97,6,244.09,9,Moderate Risk
Dairy,177,4.29,10,82.51,177,High Risk
Meat,22,6.55,5,339.7,22,Moderate Risk
Dairy,130,11.67,7,382.58,130,Safe
Vegetables,168,10.87,11,435.75,168,Safe
Meat,89,10.14,25,60.13,89,Safe
Bakery,158,22.17,8,267.28,158,Safe
Vegetables,125,10.35,5,281.18,125,Moderate Risk
Vegetables,139,15.51,6,39.84,139,Moderate Risk
Meat,82,22.16,10,238.25,82,Safe
Seafood,12,24.21,13,357.58,12,Safe
Bakery,104,15.75,2,237.23,104,High Risk
Dairy,181,19.62,1,86.6,181,High Risk
Vegetables,128,3.27,18,240.41,128,High Risk
Vegetables,35,4.11,17,319.98,35,Safe
Fruits,136,21.69,26,108.46,136,Safe
Meat,91,15.01,22,269.49,91,Safe
Fruits,104,7.46,2,102.24,104,High Risk
Seafood,180,10.9,30,132.62,180,Safe
Seafood,194,24.24,16,244.88,194,Safe
Dairy,154,1.28,21,227.23,154,High Risk
Vegetables,131,22.64,21,143.1,131,Safe
Fruits,40,7.68,1,434.09,40,High Risk
Dairy,200,15.21,30,435.75,200,Safe
Bakery,173,15.56,14,395.33,173,Safe
Seafood,74,21.08,14,444.05,74,Safe
Seafood,157,3.97,21,68.68,157,High Risk
Bakery,60,22.89,19,499.17,60,Safe
Bakery,31,12.15,24,65.13,31,Safe
Vegetables,67,3.0,29,401.83,67,Safe
Fruits,167,21.52,21,429.61,167,Safe
Seafood,52,14.46,19,401.92,52,Safe
Vegetables,183,18.07,12,121.41,183,Safe
Seafood,116,21.67,14,77.97,116,Safe
Bakery,149,5.14,3,68.58,149,Moderate Risk
Meat,194,23.05,3,261.2,194,Moderate Risk
Meat,131,19.39,3,345.69,131,Moderate Risk
Dairy,97,22.24,18,495.23,97,Safe
Fruits,130,6.43,3,321.35,130,Moderate Risk
Vegetables,148,2.81,14,73.33,148,High Risk
Bakery,103,6.06,26,414.47,103,Moderate Risk
Dairy,95,18.1,24,157.49,95,Safe
Meat,39,2.4,6,121.77,39,Moderate Risk
Meat,151,1.9,5,176.45,151,High Risk
Bakery,60,10.46,19,494.2,60,Safe
Fruits,145,23.81,19,481.58,145,Safe
Dairy,8,12.12,24,89.6,8,Safe
Bakery,85,9.38,14,124.13,85,Safe
Seafood,117,17.03,25,68.22,117,Safe
Bakery,91,24.75,26,371.04,91,Safe
Bakery,13,10.58,20,98.05,13,Safe
Bakery,123,5.31,14,473.62,123,Moderate Risk
Vegetables,138,5.85,24,397.26,138,Moderate Risk
Fruits,81,5.37,1,330.38,81,High Risk
Bakery,37,24.66,25,135.13,37,Safe
Vegetables,25,12.84,29,116.01,25,Safe
Dairy,181,22.97,16,171.72,181,Safe
Meat,105,19.43,22,359.98,105,Safe
Fruits,48,18.72,3,93.98,48,Moderate Risk
Fruits,33,9.8,10,82.56,33,Safe
Vegetables,50,16.67,17,465.2,50,Safe
Fruits,188,5.99,11,467.96,188,Moderate Risk
Bakery,82,20.0,16,288.92,82,Safe
Seafood,155,3.13,12,17.59,155,High Risk
Meat,121,3.71,10,11.47,121,High Risk
Seafood,147,5.47,3,236.96,147,Moderate Risk
Bakery,66,21.43,8,206.82,66,Safe
Meat,127,7.69,25,35.65,127,Moderate Risk
Seafood,136,16.73,12,69.51,136,Safe
Dairy,152,17.3,2,80.45,152,High Risk
Bakery,171,3.54,14,381.46,171,High Risk
Meat,105,15.08,22,479.63,105,Safe
Bakery,10,2.53,5,141.33,10,Moderate Risk
Seafood,49,18.79,2,158.66,49,High Risk
Seafood,81,3.87,7,352.56,81,Moderate Risk
Meat,46,23.46,16,485.1,46,Safe
Seafood,66,12.13,14,135.28,66,Safe
Bakery,195,11.75,29,405.81,195,Safe
Vegetables,38,12.04,14,15.7,38,Safe
Fruits,49,9.38,30,484.7,49,Safe
Bakery,5,24.88,23,419.52,5,Safe
Seafood,97,22.67,25,418.68,97,Safe
Dairy,107,24.61,10,207.45,107,Safe
Vegetables,106,21.55,23,58.45,106,Safe
Meat,134,21.27,25,282.62,134,Safe
Vegetables,104,16.02,13,33.86,104,Safe
Vegetables,48,16.38,18,31.05,48,Safe
Fruits,71,22.01,16,238.76,71,Safe
Seafood,19,13.88,10,376.0,19,Safe
Dairy,141,18.55,27,214.7,141,Safe
Dairy,84,22.54,20,139.88,84,Safe
Dairy,181,20.08,30,66.14,181,Safe
Dairy,122,1.81,21,484.78,122,High Risk
Fruits,108,17.39,11,264.35,108,Safe
Fruits,153,18.6,11,177.27,153,Safe
Dairy,172,23.24,3,114.12,172,Moderate Risk
Meat,12,23.96,1,101.14,12,High Risk
Bakery,67,2.76,12,117.3,67,Safe
Dairy,166,7.44,27,401.26,166,Moderate Risk
Vegetables,66,12.58,17,383.35,66,Safe
Vegetables,102,11.6,3,354.87,102,Moderate Risk
Meat,143,10.14,9,334.94,143,Safe
Fruits,176,13.85,2,252.28,176,High Risk
Vegetables,49,16.58,1,130.5,49,High Risk
Dairy,36,5.39,3,456.42,36,Moderate Risk
Fruits,173,4.16,9,22.25,173,High Risk
Dairy,79,14.63,29,131.38,79,Safe
Fruits,45,24.67,25,195.85,45,Safe
Fruits,116,8.75,9,303.94,116,Safe
Dairy,186,14.43,21,364.58,186,Safe
Meat,187,10.74,6,392.09,187,Moderate Risk
Dairy,123,14.0,8,152.83,123,Safe
Dairy,167,19.49,1,234.02,167,High Risk
Dairy,162,6.91,17,338.74,162,Moderate Risk
Meat,52,23.33,28,69.01,52,Safe
Meat,31,3.56,20,369.51,31,Safe
Fruits,56,8.78,23,487.08,56,Safe
Fruits,35,13.66,14,112.69,35,Safe
Dairy,200,3.54,16,116.56,200,High Risk
Fruits,96,5.62,1,388.93,96,High Risk
Fruits,188,21.29,23,23.24,188,Safe
Meat,56,18.28,25,86.86,56,Safe
Bakery,86,4.07,22,275.02,86,Moderate Risk
Dairy,124,21.74,20,181.29,124,Safe
Seafood,119,9.09,27,80.21,119,Safe
Vegetables,124,8.45,5,343.51,124,Moderate Risk
Dairy,45,19.75,20,231.64,45,Safe
Dairy,23,11.23,16,163.33,23,Safe
Bakery,46,24.09,27,492.88,46,Safe
Seafood,10,1.51,28,244.11,10,Safe
Fruits,24,1.76,23,98.34,24,Safe
Vegetables,26,10.19,5,108.7,26,Moderate Risk
Seafood,173,5.47,23,114.15,173,Moderate Risk
Dairy,172,15.58,21,61.01,172,Safe
Seafood,28,14.95,13,436.29,28,Safe
Vegetables,71,9.54,10,345.86,71,Safe
Dairy,42,22.73,24,195.46,42,Safe
Meat,149,10.14,6,273.06,149,Moderate Risk
Fruits,129,16.62,11,447.93,129,Safe
Fruits,125,3.78,3,29.39,125,High Risk
Bakery,130,20.12,15,119.84,130,Safe
Bakery,177,22.37,6,246.12,177,Moderate Risk
Vegetables,58,5.76,23,215.45,58,Safe
Seafood,49,3.0,14,82.64,49,Safe
Meat,197,6.52,24,241.05,197,Moderate Risk
Meat,196,16.73,2,92.31,196,High Risk
Meat,149,2.73,13,154.71,149,High Risk
Meat,58,24.5,4,313.98,58,Moderate Risk
Seafood,47,11.36,4,476.31,47,Moderate Risk
Vegetables,30,20.92,6,29.02,30,Moderate Risk
Dairy,126,5.62,8,354.34,126,Moderate Risk
Meat,41,17.01,24,11.89,41,Safe
Bakery,36,19.65,17,75.42,36,Safe
Meat,32,8.19,30,60.91,32,Safe
Dairy,151,2.25,10,461.3,151,High Risk
Meat,104,8.92,21,138.04,104,Safe
Vegetables,20,7.45,4,376.08,20,Moderate Risk
Bakery,10,15.69,10,89.21,10,Safe
Meat,21,22.18,2,272.14,21,High Risk
Bakery,84,19.39,15,431.66,84,Safe
Vegetables,87,14.9,19,400.22,87,Safe
Dairy,84,1.87,16,380.13,84,Moderate Risk
Fruits,179,4.63,12,219.1,179,High Risk
Dairy,104,18.45,11,120.11,104,Safe
Meat,63,2.9,16,473.9,63,Safe
Meat,105,23.18,21,381.66,105,Safe
Fruits,94,9.03,24,391.05,94,Safe
Seafood,21,1.85,11,163.85,21,Safe
Bakery,55,14.89,30,456.15,55,Safe
Meat,49,11.67,11,393.86,49,Safe
Fruits,88,20.66,19,295.89,88,Safe
Bakery,54,22.73,11,372.3,54,Safe
Dairy,152,9.94,30,285.47,152,Safe
Dairy,21,14.97,14,338.68,21,Safe
Fruits,76,1.62,8,396.2,76,Safe
Seafood,44,16.89,30,169.35,44,Safe
Dairy,55,19.86,25,337.94,55,Safe
Meat,34,16.11,21,148.46,34,Safe
Meat,38,3.42,15,236.17,38,Safe
Fruits,105,13.66,6,233.92,105,Moderate Risk
Bakery,76,14.22,16,26.71,76,Safe
Seafood,104,14.49,21,254.22,104,Safe
Dairy,78,23.19,29,499.2,78,Safe
Bakery,128,9.43,23,282.07,128,Safe
Dairy,51,11.94,27,252.61,51,Safe
Bakery,46,13.44,2,142.18,46,High Risk
Dairy,88,5.13,4,430.81,88,Moderate Risk
Fruits,33,12.11,16,424.84,33,Safe
Vegetables,8,18.66,28,457.13,8,Safe
Seafood,141,18.06,26,260.99,141,Safe
Meat,52,19.27,17,366.12,52,Safe
Fruits,6,16.62,3,319.08,6,Moderate Risk
Fruits,147,15.35,15,251.24,147,Safe
Seafood,195,21.69,6,464.95,195,Moderate Risk
Meat,85,8.24,6,281.25,85,Moderate Risk
Fruits,125,21.33,21,386.09,125,Safe
Dairy,156,15.95,9,77.53,156,Safe
Fruits,164,12.88,9,61.61,164,Safe
Fruits,23,8.72,16,464.84,23,Safe
Fruits,75,10.3,23,74.01,75,Safe
Dairy,191,6.53,2,416.95,191,High Risk
Dairy,179,15.57,14,168.19,179,Safe
Seafood,177,13.45,25,393.49,177,Safe
Dairy,66,15.49,15,112.52,66,Safe
Fruits,114,5.08,20,339.85,114,Moderate Risk
Dairy,111,19.87,2,299.77,111,High Risk
Vegetables,18,14.51,13,423.41,18,Safe
Meat,109,22.97,23,15.69,109,Safe
Vegetables,94,4.78,7,458.06,94,Moderate Risk
Dairy,191,11.98,30,393.65,191,Safe
Seafood,93,10.64,7,195.44,93,Safe
Dairy,120,11.21,11,166.49,120,Safe
Vegetables,125,8.75,6,221.83,125,Moderate Risk
Bakery,70,15.31,2,31.32,70,High Risk
Fruits,144,3.09,29,379.64,144,High Risk
Meat,139,8.93,29,487.66,139,Safe
Fruits,158,5.29,13,20.98,158,Moderate Risk
Bakery,104,6.52,27,450.19,104,Moderate Risk
Meat,89,4.87,29,26.98,89,Moderate Risk
Vegetables,200,13.5,12,48.25,200,Safe
Dairy,155,7.19,16,494.68,155,Moderate Risk
Fruits,46,18.99,30,367.25,46,Safe
Dairy,14,22.81,12,61.11,14,Safe
Meat,8,2.59,20,238.56,8,Safe
Fruits,190,3.66,9,137.43,190,High Risk
Vegetables,89,13.07,8,73.72,89,Safe
Fruits,86,7.2,27,308.29,86,Moderate Risk
Vegetables,69,4.21,5,494.05,69,Moderate Risk
Bakery,95,1.07,12,373.24,95,Moderate Risk
Bakery,152,20.61,13,110.95,152,Safe
Seafood,35,5.13,4,118.03,35,Moderate Risk
Vegetables,98,12.39,16,229.19,98,Safe
Seafood,9,2.35,1,187.68,9,High Risk
Bakery,199,3.47,1,267.49,199,High Risk
Vegetables,112,24.4,4,39.67,112,Moderate Risk
Fruits,46,15.21,6,118.83,46,Moderate Risk
Seafood,141,4.35,12,300.42,141,High Risk
Meat,58,21.16,5,51.12,58,Moderate Risk
Fruits,192,6.63,20,292.51,192,Moderate Risk
Fruits,62,21.81,3,427.73,62,Moderate Risk
Fruits,188,5.95,12,208.27,188,Moderate Risk
Dairy,111,19.1,29,156.8,111,Safe
Dairy,37,3.45,29,280.96,37,Safe
Fruits,96,16.64,7,392.34,96,Safe
Meat,14,6.87,25,409.4,14,Safe
Seafood,30,19.3,29,414.88,30,Safe
Dairy,144,2.69,19,59.71,144,High Risk
Vegetables,16,23.28,30,264.54,16,Safe
Dairy,155,23.36,5,360.22,155,Moderate Risk
Seafood,23,2.34,17,449.33,23,Safe
Vegetables,63,23.42,10,38.77,63,Safe
Fruits,9,5.13,12,229.08,9,Safe
Fruits,105,16.37,22,269.27,105,Safe
Bakery,129,21.04,7,155.66,129,Safe
Vegetables,55,2.82,6,36.88,55,Moderate Risk
Meat,74,3.03,18,54.9,74,Safe
Fruits,105,13.85,21,407.25,105,Safe
Dairy,56,13.57,9,192.88,56,Safe
Seafood,148,10.37,3,366.01,148,Moderate Risk
Vegetables,192,22.04,24,424.61,192,Safe
Bakery,191,14.7,24,92.55,191,Safe
Dairy,102,19.96,22,470.38,102,Safe
Meat,186,4.93,22,310.61,186,High Risk
Bakery,89,3.19,13,84.81,89,Moderate Risk
Dairy,90,6.22,30,424.95,90,Moderate Risk
Seafood,23,8.47,19,425.36,23,Safe
Vegetables,48,19.9,9,151.33,48,Safe
Vegetables,156,9.78,25,55.25,156,Safe
Vegetables,117,9.93,16,78.26,117,Safe
Bakery,80,8.1,17,14.07,80,Safe
Vegetables,77,15.61,8,402.99,77,Safe
Seafood,28,24.48,21,463.75,28,Safe
Seafood,39,19.45,7,317.44,39,Safe
Vegetables,133,18.66,22,379.87,133,Safe
Seafood,17,18.81,15,462.86,17,Safe
Seafood,146,16.65,25,461.07,146,Safe
Dairy,191,8.1,27,207.77,191,Safe
Bakery,191,10.76,6,180.69,191,Moderate Risk
Meat,68,23.62,8,106.51,68,Safe
Bakery,86,20.47,6,145.43,86,Moderate Risk
Dairy,143,17.32,26,195.94,143,Safe
Meat,135,4.51,18,410.27,135,High Risk
Seafood,145,18.41,14,80.46,145,Safe
Meat,65,18.96,2,152.14,65,High Risk
Seafood,67,24.52,1,392.89,67,High Risk
Meat,186,13.28,25,154.93,186,Safe
Meat,169,21.28,29,135.6,169,Safe
Meat,90,12.24,16,124.23,90,Safe
Seafood,75,3.06,23,483.59,75,Safe
Vegetables,189,14.52,5,478.53,189,Moderate Risk
Dairy,82,22.37,29,330.83,82,Safe
Dairy,41,6.29,12,174.47,41,Safe
Vegetables,196,5.55,25,313.59,196,Moderate Risk
Dairy,90,14.7,25,293.34,90,Safe
Dairy,176,6.5,29,289.51,176,Moderate Risk
Seafood,153,9.24,1,483.95,153,High Risk
Fruits,147,22.34,28,308.91,147,Safe
Bakery,84,13.86,6,393.12,84,Moderate Risk
Meat,140,12.68,2,272.35,140,High Risk
Vegetables,43,4.77,2,90.56,43,High Risk
Meat,166,4.78,22,332.2,166,High Risk
Vegetables,90,14.5,10,420.88,90,Safe
Bakery,94,5.62,29,451.53,94,Moderate Risk
Seafood,159,1.26,13,318.65,159,High Risk
Dairy,165,14.37,26,474.52,165,Safe
Vegetables,191,21.75,30,258.25,191,Safe
Seafood,11,2.41,9,315.03,11,Safe
Dairy,105,22.11,21,27.94,105,Safe
Meat,180,22.46,26,64.43,180,Safe
Meat,36,1.58,26,176.93,36,Safe
Dairy,62,8.48,16,60.09,62,Safe
Bakery,178,6.83,13,483.34,178,Moderate Risk
Dairy,56,17.15,10,497.51,56,Safe
Dairy,35,13.28,25,404.77,35,Safe
Dairy,90,16.42,10,159.15,90,Safe
Meat,186,4.53,30,41.77,186,High Risk
Dairy,111,24.01,17,277.66,111,Safe
Dairy,162,11.68,23,89.24,162,Safe
Meat,131,1.35,9,356.72,131,High Risk
Vegetables,26,7.09,21,134.46,26,Safe
Bakery,188,9.86,3,68.6,188,Moderate Risk
Vegetables,58,14.27,9,270.95,58,Safe
Bakery,93,7.12,25,344.04,93,Moderate Risk
Vegetables,171,24.63,22,482.76,171,Safe
Seafood,157,7.0,5,404.56,157,Moderate Risk
Dairy,17,17.56,6,30.88,17,Moderate Risk
Dairy,104,10.51,28,199.55,104,Safe
Bakery,67,14.92,12,107.33,67,Safe
Seafood,177,11.28,19,478.73,177,Safe
Bakery,102,7.48,15,301.33,102,Moderate Risk
Fruits,21,2.46,25,30.48,21,Safe
Fruits,189,4.82,6,65.02,189,High Risk
Vegetables,29,4.18,15,360.7,29,Safe
Vegetables,24,21.22,7,410.29,24,Safe
Seafood,187,22.42,2,133.64,187,High Risk
Seafood,105,15.04,3,400.88,105,Moderate Risk
Dairy,194,20.61,4,69.31,194,Moderate Risk
Bakery,45,17.55,14,228.93,45,Safe
Bakery,110,2.87,15,179.49,110,Moderate Risk
Vegetables,60,14.61,20,478.49,60,Safe
Meat,171,15.86,26,58.0,171,Safe
Bakery,169,16.93,25,324.75,169,Safe
Dairy,70,24.79,12,178.54,70,Safe
Bakery,166,1.03,19,137.06,166,High Risk
Dairy,167,3.18,22,235.28,167,High Risk
Vegetables,85,1.34,23,472.59,85,Moderate Risk
Meat,42,16.23,28,499.35,42,Safe
Vegetables,148,15.76,17,143.92,148,Safe
Meat,109,10.19,30,42.89,109,Safe
Fruits,67,24.46,21,401.03,67,Safe
Seafood,75,23.4,4,308.72,75,Moderate Risk
Bakery,158,5.33,9,485.96,158,Moderate Risk
Bakery,47,3.51,20,485.08,47,Safe
Fruits,143,12.41,20,329.91,143,Safe
Meat,149,9.12,26,103.0,149,Safe
Fruits,93,4.86,21,38.75,93,Moderate Risk
Dairy,132,20.12,16,173.99,132,Safe
Dairy,193,15.37,19,136.94,193,Safe
Seafood,76,1.09,19,277.35,76,Safe
Fruits,44,14.19,25,421.33,44,Safe
Dairy,179,18.23,8,308.18,179,Safe
Vegetables,134,14.27,21,450.24,134,Safe
Seafood,57,10.45,19,277.54,57,Safe
Vegetables,132,22.35,24,305.46,132,Safe
Fruits,141,5.78,19,66.65,141,Moderate Risk
Vegetables,157,16.34,18,169.44,157,Safe
Fruits,192,19.19,20,424.82,192,Safe
Fruits,44,24.55,16,254.54,44,Safe
Vegetables,73,16.0,25,415.83,73,Safe
Dairy,177,1.49,26,109.24,177,High Risk
Vegetables,186,19.46,5,318.54,186,Moderate Risk
Meat,67,19.69,18,71.64,67,Safe
Bakery,115,4.04,10,139.86,115,Moderate Risk
Fruits,27,14.74,25,64.84,27,Safe
Fruits,85,5.98,24,41.6,85,Moderate Risk
Vegetables,21,9.34,22,176.83,21,Safe
Fruits,196,10.79,19,410.12,196,Safe
Seafood,22,10.49,30,141.26,22,Safe
Bakery,119,16.68,30,185.9,119,Safe
Vegetables,8,13.37,9,458.18,8,Safe
Bakery,66,8.67,20,459.86,66,Safe
Dairy,88,5.86,12,418.9,88,Moderate Risk
Fruits,160,7.36,4,103.54,160,Moderate Risk
Seafood,135,7.16,3,17.24,135,Moderate Risk
Bakery,158,18.05,15,252.52,158,Safe
Vegetables,137,1.49,19,149.74,137,High Risk
Fruits,60,1.98,6,449.95,60,Moderate Risk
Meat,138,22.29,20,457.03,138,Safe
Meat,83,19.91,20,309.32,83,Safe
Meat,193,6.01,8,161.73,193,Moderate Risk
Seafood,133,4.25,11,43.06,133,High Risk
Seafood,147,21.06,5,260.22,147,Moderate Risk
Vegetables,20,9.2,19,245.16,20,Safe
Seafood,177,14.53,12,94.59,177,Safe
Seafood,13,6.28,29,371.15,13,Safe
Vegetables,163,9.75,18,182.39,163,Safe
Meat,61,2.0,21,32.29,61,Safe
Vegetables,130,24.43,5,35.11,130,Moderate Risk
Seafood,104,8.97,16,42.39,104,Safe
Dairy,156,23.69,27,197.89,156,Safe
Fruits,105,12.0,12,446.86,105,Safe
Seafood,196,5.93,1,186.97,196,High Risk
Meat,134,14.76,28,25.75,134,Safe
Vegetables,138,20.46,7,274.65,138,Safe
Fruits,94,21.61,13,372.55,94,Safe
Fruits,122,11.76,27,259.17,122,Safe
Meat,179,18.5,9,82.54,179,Safe
Fruits,157,24.6,2,97.01,157,High Risk
Vegetables,63,6.95,7,183.53,63,Safe
Bakery,26,2.95,23,290.12,26,Safe
Meat,154,24.84,10,259.25,154,Safe
Bakery,114,12.36,29,429.24,114,Safe
Seafood,159,15.35,9,409.65,159,Safe
Dairy,164,23.9,29,31.38,164,Safe
Seafood,126,2.35,8,196.67,126,High Risk
Bakery,30,4.66,25,113.42,30,Safe
Seafood,96,9.92,6,407.3,96,Moderate Risk
Vegetables,174,4.07,25,172.26,174,High Risk
Seafood,174,19.65,4,247.88,174,Moderate Risk
Fruits,55,20.56,17,94.58,55,Safe
Vegetables,117,10.75,19,80.44,117,Safe
Dairy,124,11.4,22,167.21,124,Safe
Meat,157,9.17,18,493.57,157,Safe
Seafood,101,13.43,8,154.51,101,Safe
Bakery,74,6.38,12,188.77,74,Safe
Meat,14,6.83,30,434.46,14,Safe
Bakery,47,2.99,3,61.1,47,Moderate Risk
Fruits,125,20.62,14,127.68,125,Safe
Vegetables,127,3.38,13,219.92,127,High Risk
Seafood,136,11.02,14,189.54,136,Safe
Seafood,139,14.5,8,441.05,139,Safe
Vegetables,194,5.65,29,173.8,194,Moderate Risk
Bakery,78,12.79,4,84.07,78,Moderate Risk
Vegetables,103,13.44,13,443.99,103,Safe
Seafood,42,19.39,5,444.37,42,Moderate Risk
Vegetables,95,23.61,20,177.64,95,Safe
Dairy,45,23.79,15,333.69,45,Safe
Dairy,97,14.32,5,295.62,97,Moderate Risk
Meat,157,11.83,17,485.12,157,Safe
Vegetables,189,12.38,19,136.96,189,Safe
Seafood,40,9.42,12,368.36,40,Safe
Bakery,13,18.9,19,98.36,13,Safe
Bakery,170,19.48,9,209.45,170,Safe
Vegetables,24,19.26,13,370.55,24,Safe
Bakery,34,13.08,26,464.91,34,Safe
Bakery,134,7.17,20,310.23,134,Moderate Risk
Fruits,140,5.63,5,142.78,140,Moderate Risk
Bakery,155,24.15,25,108.33,155,Safe
Vegetables,83,7.68,28,38.78,83,Moderate Risk
Meat,20,1.58,17,437.58,20,Safe
Vegetables,101,18.48,22,157.28,101,Safe
Dairy,73,14.93,11,241.98,73,Safe
Seafood,69,18.22,26,338.71,69,Safe
Vegetables,13,22.42,30,123.46,13,Safe
Vegetables,14,8.04,2,415.29,14,High Risk
Bakery,165,3.57,10,149.93,165,High Risk
Dairy,197,22.98,22,347.15,197,Safe
Bakery,198,15.75,3,244.71,198,Moderate Risk
Vegetables,164,9.76,16,356.64,164,Safe
Meat,32,15.61,5,409.24,32,Moderate Risk
Vegetables,193,5.54,27,197.77,193,Moderate Risk
Fruits,68,21.44,2,291.97,68,High Risk
Seafood,97,22.77,5,130.99,97,Moderate Risk
Seafood,72,22.44,18,67.73,72,Safe
Bakery,20,17.47,19,324.4,20,Safe
Meat,55,1.34,28,445.46,55,Safe
Fruits,38,22.79,9,400.0,38,Safe
Seafood,36,3.88,14,465.66,36,Safe
Seafood,46,12.09,26,257.37,46,Safe
Vegetables,81,11.07,18,247.64,81,Safe
Bakery,134,12.69,21,279.36,134,Safe
Bakery,51,12.0,28,67.26,51,Safe
Meat,24,22.06,28,420.8,24,Safe
Meat,51,3.91,7,29.3,51,Safe
Bakery,153,14.66,8,101.74,153,Safe
Dairy,18,13.45,10,499.17,18,Safe
Dairy,183,14.28,17,55.87,183,Safe
Bakery,136,15.28,11,321.19,136,Safe
Dairy,130,22.28,12,143.86,130,Safe
Seafood,170,14.32,25,272.31,170,Safe
Meat,12,15.12,20,120.73,12,Safe
Meat,170,19.41,27,146.68,170,Safe
Meat,142,17.84,15,265.25,142,Safe
Dairy,14,9.18,22,150.8,14,Safe
Vegetables,157,23.33,7,125.09,157,Safe
Fruits,140,14.08,21,266.69,140,Safe
Fruits,191,23.25,29,319.5,191,Safe
Dairy,76,6.26,26,57.16,76,Safe
Bakery,186,13.11,14,395.47,186,Safe
Fruits,49,12.31,14,298.21,49,Safe
Seafood,162,5.07,28,416.66,162,Moderate Risk
Meat,177,21.97,6,369.07,177,Moderate Risk
Dairy,173,5.48,22,68.56,173,Moderate Risk
Vegetables,79,12.32,7,79.78,79,Safe
Vegetables,73,8.87,23,59.03,73,Safe
Meat,44,11.09,16,482.35,44,Safe
Dairy,80,14.48,20,360.09,80,Safe
Seafood,11,12.82,3,321.35,11,Moderate Risk
Fruits,96,20.66,23,78.95,96,Safe
Bakery,50,19.56,21,323.63,50,Safe
Vegetables,84,13.04,22,91.2,84,Safe
Seafood,112,2.0,10,407.78,112,Moderate Risk
Fruits,137,8.79,10,439.49,137,Safe
Seafood,172,3.1,10,447.29,172,High Risk
Vegetables,148,4.48,1,269.27,148,High Risk
Vegetables,182,12.07,4,297.94,182,Moderate Risk
Bakery,63,11.46,18,194.16,63,Safe
Dairy,20,18.47,7,85.65,20,Safe
Vegetables,89,12.23,19,495.32,89,Safe
Vegetables,181,2.25,22,99.48,181,High Risk
Meat,130,24.64,9,259.54,130,Safe
Vegetables,59,23.62,28,401.97,59,Safe
Dairy,74,15.76,2,293.42,74,High Risk
Bakery,83,8.55,14,213.8,83,Safe
Vegetables,69,1.4,19,211.68,69,Safe
Bakery,56,10.74,10,105.45,56,Safe
Seafood,13,12.41,21,421.11,13,Safe
Bakery,9,1.83,9,32.52,9,Safe
Meat,12,4.2,13,93.58,12,Safe
Bakery,93,21.91,30,233.85,93,Safe
Vegetables,14,3.49,6,436.35,14,Moderate Risk
Fruits,20,2.68,19,467.94,20,Safe
Vegetables,106,5.41,13,200.62,106,Moderate Risk
Seafood,51,17.12,12,256.01,51,Safe
Vegetables,11,17.15,5,421.03,11,Moderate Risk
Meat,137,2.9,29,28.05,137,High Risk
Dairy,145,22.56,4,303.62,145,Moderate Risk
Bakery,95,12.18,25,82.62,95,Safe
Bakery,34,15.94,24,26.74,34,Safe
Vegetables,36,10.53,19,216.39,36,Safe
Dairy,125,21.86,27,57.0,125,Safe
Seafood,73,7.89,9,288.99,73,Safe
Vegetables,194,12.56,24,51.07,194,Safe
Seafood,144,23.69,24,326.49,144,Safe
Dairy,136,16.48,24,235.66,136,Safe
Fruits,50,22.46,30,466.58,50,Safe
Bakery,136,19.37,11,483.51,136,Safe
Vegetables,71,20.25,1,361.9,71,High Risk
Seafood,110,20.61,24,106.33,110,Safe
Fruits,21,4.23,8,380.88,21,Safe
Fruits,71,5.39,12,14.34,71,Safe
Seafood,107,21.35,29,183.18,107,Safe
Fruits,59,10.53,30,478.09,59,Safe
Vegetables,14,10.23,17,170.95,14,Safe
Seafood,81,23.43,24,245.29,81,Safe
Dairy,172,16.83,14,193.32,172,Safe
Bakery,62,6.4,5,163.2,62,Moderate Risk
Fruits,168,2.74,13,288.11,168,High Risk
Fruits,119,10.27,14,495.73,119,Safe
Vegetables,65,13.89,1,307.09,65,High Risk
Fruits,172,21.27,2,51.02,172,High Risk
Meat,78,18.04,24,418.05,78,Safe
Fruits,70,22.71,19,74.92,70,Safe
Dairy,113,11.68,3,240.42,113,Moderate Risk
Meat,191,15.97,24,22.81,191,Safe
Vegetables,26,13.73,2,416.41,26,High Risk
Dairy,121,6.13,14,448.01,121,Moderate Risk
Dairy,189,9.62,1,31.89,189,High Risk
Dairy,150,13.39,27,486.0,150,Safe
Fruits,146,22.05,8,261.31,146,Safe
Bakery,129,4.13,14,211.33,129,High Risk
Seafood,131,18.25,24,193.39,131,Safe
Dairy,60,10.58,25,163.77,60,Safe
Dairy,125,21.75,9,54.36,125,Safe
Bakery,186,23.87,8,137.33,186,Safe
Meat,23,14.21,19,326.78,23,Safe
Dairy,81,14.58,12,478.25,81,Safe
Fruits,7,12.53,22,455.24,7,Safe
Fruits,138,16.21,3,234.09,138,Moderate Risk
Seafood,38,11.49,15,442.22,38,Safe
Dairy,97,24.71,13,259.86,97,Safe
Vegetables,38,12.5,19,68.37,38,Safe
Seafood,180,10.93,11,301.43,180,Safe
Bakery,30,17.56,13,100.55,30,Safe
Seafood,83,18.63,9,440.92,83,Safe
Meat,107,13.3,16,387.83,107,Safe
Meat,98,16.07,13,369.2,98,Safe
Fruits,131,5.86,4,107.19,131,Moderate Risk
Bakery,66,16.41,26,402.89,66,Safe
Seafood,200,23.44,5,342.28,200,Moderate Risk
Vegetables,148,11.25,28,476.76,148,Safe
Meat,164,10.55,12,226.66,164,Safe
Fruits,18,22.9,27,134.66,18,Safe
Vegetables,134,3.93,17,406.33,134,High Risk
Dairy,42,7.3,24,439.77,42,Safe
Fruits,190,7.86,30,194.26,190,Moderate Risk
Bakery,157,9.61,17,12.31,157,Safe
Meat,120,6.5,1,491.71,120,High Risk
Seafood,149,3.75,20,345.78,149,High Risk
Fruits,68,22.99,19,335.77,68,Safe
Bakery,90,2.76,20,418.44,90,Moderate Risk
Dairy,81,21.15,3,79.96,81,Moderate Risk
Dairy,57,15.67,25,358.82,57,Safe
Bakery,134,23.48,4,462.65,134,Moderate Risk
Seafood,5,3.89,29,318.78,5,Safe
Dairy,101,16.22,13,84.78,101,Safe
Meat,129,13.56,10,435.11,129,Safe
Dairy,99,6.76,13,230.18,99,Moderate Risk
Bakery,142,11.16,17,119.74,142,Safe
Vegetables,84,1.98,15,104.2,84,Moderate Risk
Vegetables,187,23.7,4,168.67,187,Moderate Risk
Seafood,127,15.66,13,310.31,127,Safe
Fruits,194,16.67,26,125.51,194,Safe
Fruits,156,10.45,10,320.89,156,Safe
Vegetables,69,21.06,5,87.77,69,Moderate Risk
Fruits,45,13.08,20,344.57,45,Safe
Fruits,173,12.29,12,28.48,173,Safe
Meat,33,24.84,23,292.13,33,Safe
Dairy,198,23.29,5,79.11,198,Moderate Risk
Fruits,199,5.17,14,56.81,199,Moderate Risk
Seafood,127,17.14,21,158.12,127,Safe
Meat,104,5.55,22,395.41,104,Moderate Risk
Seafood,62,5.47,21,241.24,62,Safe
Vegetables,198,16.17,9,158.65,198,Safe
Meat,45,1.26,30,300.57,45,Safe
Vegetables,179,21.79,24,404.39,179,Safe
Dairy,114,1.79,14,166.18,114,Moderate Risk
Vegetables,189,13.64,20,416.18,189,Safe
Dairy,78,17.08,10,195.41,78,Safe
Meat,86,2.98,17,358.27,86,Moderate Risk
Seafood,14,18.24,7,133.11,14,Safe
Meat,18,17.6,21,21.54,18,Safe
Seafood,22,18.67,16,99.32,22,Safe
Fruits,26,21.46,24,299.18,26,Safe
Fruits,169,18.88,26,469.9,169,Safe
Dairy,198,15.39,21,131.09,198,Safe
Vegetables,22,10.13,25,365.72,22,Safe
Fruits,14,22.21,17,99.27,14,Safe
Fruits,68,22.03,1,72.77,68,High Risk
Meat,142,19.15,8,455.41,142,Safe
Bakery,95,23.19,22,199.64,95,Safe
Meat,91,7.79,30,45.07,91,Moderate Risk
Meat,101,12.17,9,187.59,101,Safe
Meat,42,12.07,10,239.65,42,Safe
Dairy,83,1.35,2,300.61,83,High Risk
Bakery,44,23.9,26,271.47,44,Safe
Fruits,57,16.81,2,56.27,57,High Risk
Seafood,34,1.47,3,330.18,34,Moderate Risk
Vegetables,24,9.9,3,400.43,24,Moderate Risk
Seafood,92,15.74,8,151.78,92,Safe
Bakery,151,8.63,28,212.73,151,Safe
Bakery,65,6.66,27,58.76,65,Safe
Vegetables,39,13.4,5,397.75,39,Moderate Risk
Vegetables,154,24.89,11,418.24,154,Safe
Seafood,34,8.63,13,324.55,34,Safe
Seafood,18,4.03,1,40.17,18,High Risk
Seafood,145,15.77,14,92.91,145,Safe
Meat,93,13.18,23,387.77,93,Safe
Bakery,11,8.33,27,285.32,11,Safe
Dairy,197,20.87,25,137.21,197,Safe
Vegetables,185,21.22,22,494.22,185,Safe
Dairy,197,5.04,2,390.7,197,High Risk
Fruits,134,14.12,9,177.25,134,Safe
Meat,102,22.83,17,498.73,102,Safe
Dairy,176,9.73,4,120.23,176,Moderate Risk
Vegetables,109,7.09,19,199.34,109,Moderate Risk
Fruits,67,4.08,2,178.34,67,High Risk
Fruits,33,2.87,22,40.59,33,Safe
Fruits,126,4.14,12,433.5,126,High Risk
Meat,152,20.02,12,119.64,152,Safe
Fruits,64,1.26,8,177.27,64,Safe
Fruits,61,1.64,8,268.49,61,Safe
Seafood,43,4.9,27,50.98,43,Safe
Fruits,21,20.38,4,279.96,21,Moderate Risk
Meat,146,9.78,16,234.2,146,Safe
Dairy,155,8.45,13,131.76,155,Safe
Bakery,95,15.27,8,171.37,95,Safe
Seafood,198,11.21,5,338.41,198,Moderate Risk
Dairy,36,22.77,1,155.42,36,High Risk
Bakery,123,8.34,15,144.51,123,Safe
Vegetables,167,1.62,27,169.69,167,High Risk
Seafood,172,14.23,17,220.74,172,Safe
Bakery,92,20.08,14,17.54,92,Safe
Seafood,184,17.55,7,205.26,184,Safe
Dairy,14,12.68,13,254.16,14,Safe
Dairy,114,2.04,26,419.89,114,Moderate Risk
Seafood,120,7.15,13,258.23,120,Moderate Risk
Fruits,100,12.04,24,45.81,100,Safe
Bakery,112,13.25,11,395.24,112,Safe
Seafood,28,24.55,28,252.04,28,Safe
Dairy,172,22.96,26,236.34,172,Safe
Meat,142,23.51,14,283.58,142,Safe
Fruits,127,15.56,2,70.76,127,High Risk
Fruits,50,10.45,26,188.69,50,Safe
Vegetables,54,2.56,12,105.58,54,Safe
Fruits,50,18.89,12,83.73,50,Safe
Vegetables,37,11.87,26,33.28,37,Safe
Vegetables,149,1.82,15,445.11,149,High Risk
Meat,100,21.06,22,224.25,100,Safe
Bakery,19,13.3,5,259.23,19,Moderate Risk
Dairy,162,18.61,10,180.2,162,Safe
Dairy,22,8.06,11,316.38,22,Safe
Seafood,181,18.71,18,391.03,181,Safe
Vegetables,26,3.28,24,280.43,26,Safe
Fruits,59,20.45,1,133.26,59,High Risk
Meat,34,13.43,1,456.38,34,High Risk
Seafood,77,12.85,18,130.21,77,Safe
Vegetables,150,4.6,21,391.31,150,High Risk
Meat,165,11.5,6,449.0,165,Moderate Risk
Vegetables,5,4.64,5,89.59,5,Moderate Risk
Vegetables,117,10.86,26,369.08,117,Safe
Meat,23,4.15,30,117.59,23,Safe
Bakery,8,7.07,22,115.48,8,Safe
Vegetables,137,6.93,1,227.78,137,High Risk
Seafood,119,11.93,18,146.78,119,Safe
Fruits,25,14.18,10,247.25,25,Safe
Meat,98,7.4,17,219.59,98,Moderate Risk
Meat,65,14.77,6,323.35,65,Moderate Risk
Dairy,173,20.4,18,146.48,173,Safe
Dairy,160,3.66,12,234.42,160,High Risk
Dairy,60,1.34,25,145.85,60,Safe
Bakery,181,13.9,8,27.89,181,Safe
Seafood,21,14.7,2,355.91,21,High Risk
Bakery,67,15.25,22,221.72,67,Safe
Seafood,39,10.35,24,301.48,39,Safe
Vegetables,159,9.69,10,181.92,159,Safe
Seafood,34,1.97,12,180.85,34,Safe
Vegetables,133,15.29,19,417.11,133,Safe
Seafood,9,5.65,21,92.84,9,Safe
Fruits,61,20.75,23,315.18,61,Safe
Fruits,181,13.78,18,68.51,181,Safe
Bakery,12,18.03,22,272.43,12,Safe
Dairy,52,22.34,2,265.67,52,High Risk
Bakery,153,2.86,18,347.51,153,High Risk
Bakery,140,6.92,15,262.12,140,Moderate Risk
Fruits,23,1.12,22,267.14,23,Safe
Vegetables,63,1.08,14,233.08,63,Safe
Bakery,114,21.25,22,254.52,114,Safe
Seafood,133,5.94,8,257.84,133,Moderate Risk
Vegetables,95,18.82,20,28.64,95,Safe
Meat,169,21.81,5,435.07,169,Moderate Risk
Meat,100,20.39,20,213.82,100,Safe
Vegetables,13,12.43,25,314.87,13,Safe
Vegetables,131,14.4,13,399.39,131,Safe
Fruits,34,6.29,11,34.79,34,Safe
Fruits,124,13.67,23,186.92,124,Safe
Vegetables,162,13.84,21,158.7,162,Safe
Vegetables,21,2.27,23,278.23,21,Safe
Meat,31,22.82,12,155.48,31,Safe
Seafood,23,20.79,16,11.13,23,Safe
Meat,69,1.43,10,16.37,69,Safe
Seafood,34,24.05,12,250.58,34,Safe
Seafood,54,7.87,21,382.45,54,Safe
Bakery,134,23.92,8,203.69,134,Safe
Dairy,118,8.88,28,245.45,118,Safe
Bakery,91,6.18,23,103.66,91,Moderate Risk
Bakery,56,14.72,26,39.66,56,Safe
Bakery,76,18.9,27,247.94,76,Safe
Vegetables,41,11.04,28,122.86,41,Safe
Dairy,145,20.25,7,55.65,145,Safe
Vegetables,6,11.61,27,320.12,6,Safe
Seafood,139,2.72,25,320.2,139,High Risk
Meat,154,12.88,13,220.18,154,Safe
Meat,166,4.62,13,133.04,166,High Risk
Seafood,134,18.75,3,196.86,134,Moderate Risk
Dairy,81,6.63,21,104.87,81,Moderate Risk
Bakery,35,12.11,1,407.17,35,High Risk
Meat,105,16.27,16,285.52,105,Safe
Vegetables,98,11.8,11,142.29,98,Safe
Seafood,44,20.46,19,270.25,44,Safe
Seafood,189,6.53,27,124.78,189,Moderate Risk
Meat,175,10.56,20,431.28,175,Safe
Seafood,184,5.9,28,283.97,184,Moderate Risk
Vegetables,176,6.77,9,143.44,176,Moderate Risk
Bakery,65,9.48,10,275.02,65,Safe
Dairy,52,18.26,11,110.33,52,Safe
Dairy,136,6.07,18,44.18,136,Moderate Risk
Seafood,87,8.04,21,144.69,87,Safe
Dairy,117,23.52,27,255.42,117,Safe
Dairy,22,14.01,3,179.33,22,Moderate Risk
Bakery,164,5.45,15,302.96,164,Moderate Risk
Dairy,191,24.7,21,240.12,191,Safe
Vegetables,165,24.01,6,138.14,165,Moderate Risk
Dairy,195,20.32,20,423.89,195,Safe
Dairy,137,15.07,11,87.28,137,Safe
Seafood,36,14.32,9,199.43,36,Safe
Vegetables,175,10.6,1,309.94,175,High Risk
Seafood,164,14.67,1,444.22,164,High Risk
Vegetables,153,10.66,19,291.98,153,Safe
Dairy,73,1.65,28,193.84,73,Safe
Meat,119,18.44,18,273.49,119,Safe
Bakery,18,21.15,19,163.16,18,Safe
Seafood,64,24.41,24,150.67,64,Safe
Dairy,175,21.86,5,291.82,175,Moderate Risk
Dairy,60,10.04,10,292.92,60,Safe
Bakery,14,13.73,29,364.31,14,Safe
Vegetables,159,15.48,14,69.41,159,Safe
Seafood,88,2.1,22,158.44,88,Moderate Risk
Bakery,14,15.89,22,449.58,14,Safe
Fruits,171,3.77,5,392.93,171,High Risk
Fruits,173,14.32,22,116.52,173,Safe
Seafood,186,19.41,20,404.21,186,Safe
Meat,17,23.28,19,55.32,17,Safe
Vegetables,151,20.34,2,100.77,151,High Risk
Seafood,17,12.57,11,468.94,17,Safe
Bakery,92,5.73,26,65.68,92,Moderate Risk
Dairy,130,4.77,8,128.57,130,High Risk
Seafood,134,1.93,18,52.96,134,High Risk
Fruits,186,7.33,22,146.81,186,Moderate Risk
Dairy,50,10.3,8,280.46,50,Safe
Dairy,164,19.41,3,118.32,164,Moderate Risk
Vegetables,163,8.09,9,36.03,163,Safe
Seafood,14,17.97,20,208.93,14,Safe
Dairy,158,21.38,22,41.88,158,Safe
Fruits,171,14.63,18,119.51,171,Safe
Seafood,116,16.69,2,311.86,116,High Risk
Seafood,85,7.31,3,198.25,85,Moderate Risk
Vegetables,128,16.83,19,430.55,128,Safe
Bakery,38,14.38,6,171.81,38,Moderate Risk
Fruits,76,15.32,17,393.9,76,Safe
Meat,66,23.38,9,354.44,66,Safe
Vegetables,89,15.0,21,361.89,89,Safe
Bakery,78,18.78,3,462.21,78,Moderate Risk
Vegetables,200,23.12,18,193.47,200,Safe
Seafood,169,8.65,1,75.92,169,High Risk
Seafood,5,2.61,18,118.99,5,Safe
Dairy,74,21.03,5,379.05,74,Moderate Risk
Vegetables,46,16.78,1,178.19,46,High Risk
Vegetables,143,21.44,21,330.98,143,Safe
Meat,93,20.8,13,499.54,93,Safe
Fruits,13,14.62,23,216.78,13,Safe
Vegetables,167,18.74,22,293.21,167,Safe
Vegetables,29,15.17,9,431.51,29,Safe
Meat,181,6.19,24,482.1,181,Moderate Risk
Meat,143,16.41,19,248.15,143,Safe
Seafood,137,24.09,3,477.23,137,Moderate Risk
Fruits,10,7.59,4,498.62,10,Moderate Risk
Fruits,46,13.09,16,72.9,46,Safe
Vegetables,198,13.85,3,248.32,198,Moderate Risk
Seafood,32,19.68,23,215.48,32,Safe
Meat,111,8.29,26,486.04,111,Safe
Vegetables,134,21.94,4,131.93,134,Moderate Risk
Seafood,83,5.05,3,150.85,83,Moderate Risk
Vegetables,80,5.19,19,40.18,80,Safe
Bakery,76,15.56,7,352.37,76,Safe
Meat,179,18.94,28,486.9,179,Safe
Vegetables,138,16.38,10,432.52,138,Safe
Vegetables,158,11.85,7,63.5,158,Safe
Bakery,15,5.67,2,119.5,15,High Risk
Seafood,117,12.02,7,233.24,117,Safe
Fruits,137,13.06,18,448.78,137,Safe
Vegetables,83,21.05,1,234.61,83,High Risk
Meat,5,21.74,1,67.28,5,High Risk
Dairy,50,3.85,10,307.25,50,Safe
Vegetables,104,8.98,2,77.63,104,High Risk
Vegetables,126,4.62,20,387.13,126,High Risk
Vegetables,191,4.75,15,304.16,191,High Risk
Vegetables,37,5.68,30,83.68,37,Safe
Fruits,46,10.89,6,485.3,46,Moderate Risk
Seafood,109,13.79,1,465.65,109,High Risk
Bakery,132,21.93,22,255.52,132,Safe
Seafood,112,9.06,26,139.59,112,Safe
Dairy,79,8.73,10,127.41,79,Safe
Vegetables,185,10.55,10,352.5,185,Safe
Dairy,171,15.13,29,412.3,171,Safe
Seafood,148,6.4,2,268.72,148,High Risk
Seafood,193,18.57,24,143.16,193,Safe
Vegetables,122,10.96,25,139.82,122,Safe
Bakery,91,15.68,1,211.21,91,High Risk
Vegetables,124,18.59,13,77.51,124,Safe
Seafood,122,15.76,14,435.51,122,Safe
Bakery,186,11.07,29,127.21,186,Safe
Vegetables,78,25.0,5,77.65,78,Moderate Risk
Seafood,76,10.13,9,413.86,76,Safe
Bakery,25,2.66,29,281.76,25,Safe
Vegetables,129,19.36,28,274.56,129,Safe
Dairy,74,20.08,6,174.46,74,Moderate Risk
Seafood,133,3.88,27,95.09,133,High Risk
Dairy,83,1.09,23,203.58,83,Moderate Risk
Vegetables,80,24.64,22,34.72,80,Safe
Meat,45,6.22,5,283.34,45,Moderate Risk
Bakery,108,7.27,7,176.62,108,Moderate Risk
Meat,157,19.52,1,262.07,157,High Risk
Seafood,30,5.68,5,180.72,30,Moderate Risk
Fruits,50,10.89,21,60.23,50,Safe
Seafood,146,14.87,20,217.8,146,Safe
Vegetables,105,10.22,7,191.75,105,Safe
Seafood,24,1.98,15,157.71,24,Safe
Meat,99,11.79,10,421.98,99,Safe
Fruits,197,1.35,25,311.88,197,High Risk
Bakery,151,14.66,29,354.14,151,Safe
Bakery,82,11.56,21,379.68,82,Safe
Vegetables,117,11.78,2,335.46,117,High Risk
Bakery,16,2.23,16,71.36,16,Safe
Meat,140,24.98,27,192.09,140,Safe
Fruits,44,1.92,25,324.64,44,Safe
Meat,176,24.74,12,50.71,176,Safe
Seafood,143,7.34,2,282.98,143,High Risk
Vegetables,7,19.82,25,316.89,7,Safe
Meat,164,24.32,25,482.3,164,Safe
Meat,192,22.67,7,399.19,192,Safe
Dairy,58,21.79,12,410.89,58,Safe
Meat,36,9.33,26,387.48,36,Safe
Fruits,176,2.62,11,173.58,176,High Risk
Dairy,16,1.6,13,150.75,16,Safe
Bakery,190,14.8,28,24.3,190,Safe
Meat,12,19.5,18,234.2,12,Safe
Meat,150,9.63,28,217.4,150,Safe
Vegetables,72,16.16,12,447.23,72,Safe
Meat,189,5.45,3,410.15,189,Moderate Risk
Dairy,143,14.73,22,273.66,143,Safe
Bakery,151,8.87,12,414.11,151,Safe
Vegetables,190,20.94,28,183.64,190,Safe
Bakery,44,12.27,25,243.7,44,Safe
Vegetables,25,6.15,14,301.53,25,Safe
Fruits,90,17.46,15,348.18,90,Safe
Fruits,181,7.58,17,299.66,181,Moderate Risk
Fruits,184,5.24,10,152.34,184,Moderate Risk
Fruits,132,6.03,19,383.99,132,Moderate Risk
Fruits,9,10.28,10,172.84,9,Safe
Meat,186,6.92,14,23.95,186,Moderate Risk
Seafood,28,11.67,12,144.84,28,Safe
Bakery,31,14.07,25,115.28,31,Safe
Vegetables,8,23.3,16,171.06,8,Safe
Fruits,60,21.06,18,282.46,60,Safe
Meat,41,18.61,23,330.09,41,Safe
Vegetables,53,8.86,5,192.72,53,Moderate Risk
Seafood,29,3.59,6,135.93,29,Moderate Risk
Vegetables,47,1.22,2,61.35,47,High Risk
Vegetables,149,6.05,4,88.26,149,Moderate Risk
Dairy,154,3.3,28,182.23,154,High Risk
Meat,192,13.2,14,112.66,192,Safe
Dairy,79,10.28,10,445.44,79,Safe
Meat,29,12.8,10,397.78,29,Safe
Bakery,191,3.56,14,361.77,191,High Risk
Meat,18,10.53,13,153.79,18,Safe
Seafood,42,14.16,28,425.18,42,Safe
Vegetables,28,14.31,13,305.69,28,Safe
Bakery,160,21.28,6,130.26,160,Moderate Risk
Dairy,157,23.36,6,48.89,157,Moderate Risk
Meat,40,24.75,2,176.48,40,High Risk
Vegetables,142,17.48,13,95.25,142,Safe
Bakery,11,12.7,3,468.55,11,Moderate Risk
Meat,111,16.33,18,193.39,111,Safe
Seafood,114,13.45,19,476.52,114,Safe
Seafood,188,15.97,26,389.81,188,Safe
Fruits,32,12.8,27,395.8,32,Safe
Dairy,160,19.11,7,203.8,160,Safe
Seafood,189,7.53,2,405.32,189,High Risk
Seafood,63,14.15,18,271.58,63,Safe
Fruits,156,11.77,17,86.34,156,Safe
Vegetables,84,24.05,23,497.22,84,Safe
Fruits,66,7.24,19,494.74,66,Safe
Bakery,75,3.83,17,119.83,75,Safe
Meat,64,24.95,22,435.86,64,Safe
Dairy,116,6.46,16,346.32,116,Moderate Risk
Bakery,161,16.04,28,292.99,161,Safe
Fruits,13,8.43,24,194.16,13,Safe
Fruits,158,5.14,25,249.4,158,Moderate Risk
Dairy,34,16.03,29,431.69,34,Safe
Meat,72,11.08,17,70.25,72,Safe
Meat,147,14.31,8,164.98,147,Safe
Seafood,106,5.5,26,327.49,106,Moderate Risk
Vegetables,45,10.2,5,82.64,45,Moderate Risk
Meat,69,24.04,26,350.86,69,Safe
Vegetables,119,16.65,21,224.11,119,Safe
Meat,128,1.93,14,88.03,128,High Risk
Bakery,196,17.02,8,344.63,196,Safe
Meat,109,8.08,20,38.01,109,Safe
Dairy,88,15.6,23,469.35,88,Safe
Vegetables,196,1.61,20,161.05,196,High Risk
Bakery,154,5.29,23,318.36,154,Moderate Risk
Meat,200,23.46,28,15.98,200,Safe
Bakery,27,22.77,3,464.94,27,Moderate Risk
Fruits,164,5.86,27,130.81,164,Moderate Risk
Dairy,139,12.2,19,221.5,139,Safe
Dairy,184,23.02,8,100.32,184,Safe
Vegetables,35,8.26,7,475.04,35,Safe
Seafood,85,10.3,2,269.48,85,High Risk
Seafood,101,1.96,12,211.39,101,Moderate Risk
Bakery,87,3.43,27,200.49,87,Moderate Risk
Dairy,62,8.04,1,267.72,62,High Risk
Vegetables,129,1.94,21,224.14,129,High Risk
Vegetables,97,7.72,27,56.23,97,Moderate Risk
Seafood,63,17.27,19,198.57,63,Safe
Dairy,70,19.92,15,137.81,70,Safe
Fruits,36,24.83,22,215.52,36,Safe
Vegetables,6,13.97,2,394.73,6,High Risk
Meat,12,19.96,23,305.27,12,Safe
Dairy,73,22.83,24,129.97,73,Safe
Seafood,49,9.61,6,37.8,49,Moderate Risk
Seafood,90,13.66,3,284.07,90,Moderate Risk
Fruits,84,20.9,2,139.16,84,High Risk
Fruits,156,6.47,23,260.75,156,Moderate Risk
Dairy,6,10.87,4,137.37,6,Moderate Risk
Seafood,161,11.84,30,175.6,161,Safe
Vegetables,9,16.06,11,289.59,9,Safe
Bakery,13,16.75,30,244.19,13,Safe
Bakery,158,5.72,25,291.87,158,Moderate Risk
Vegetables,40,24.53,18,109.73,40,Safe
Seafood,165,2.08,27,457.25,165,High Risk
Vegetables,108,24.81,8,98.39,108,Safe
Fruits,50,11.88,26,119.63,50,Safe
Dairy,72,8.73,22,435.34,72,Safe
Vegetables,118,14.84,10,154.73,118,Safe
Seafood,49,8.41,10,49.66,49,Safe
Dairy,87,7.14,29,52.46,87,Moderate Risk
Dairy,141,22.46,19,412.05,141,Safe
Bakery,29,4.01,13,271.24,29,Safe
Vegetables,8,17.48,25,17.45,8,Safe
Bakery,194,5.54,17,161.48,194,Moderate Risk
Dairy,123,12.11,26,148.99,123,Safe
Seafood,134,11.84,21,33.27,134,Safe
Fruits,55,1.59,12,499.2,55,Safe
Dairy,185,18.33,15,459.4,185,Safe
Seafood,136,24.23,22,164.43,136,Safe
Meat,48,11.51,23,73.4,48,Safe
Fruits,115,5.11,9,397.43,115,Moderate Risk
Seafood,146,2.95,18,95.46,146,High Risk
Fruits,189,12.93,26,429.13,189,Safe
Meat,94,2.94,21,297.31,94,Moderate Risk
Meat,169,23.74,21,358.47,169,Safe
Dairy,45,23.46,10,101.76,45,Safe
Meat,34,23.23,29,357.68,34,Safe
Vegetables,181,7.77,16,286.02,181,Moderate Risk
Fruits,83,13.38,12,298.68,83,Safe
Meat,48,15.48,27,416.78,48,Safe
Bakery,182,24.17,17,486.8,182,Safe
Seafood,154,2.46,9,397.39,154,High Risk
Dairy,33,15.62,11,40.13,33,Safe
Bakery,116,23.07,15,449.01,116,Safe
Seafood,130,12.92,15,215.4,130,Safe
Seafood,171,12.36,9,330.91,171,Safe
Meat,194,22.1,23,173.87,194,Safe
Seafood,89,16.06,2,212.17,89,High Risk
Fruits,126,12.06,28,99.07,126,Safe
Fruits,162,8.89,25,252.6,162,Safe
Fruits,72,15.14,16,402.04,72,Safe
Fruits,95,20.79,5,394.6,95,Moderate Risk
Vegetables,72,20.34,28,342.17,72,Safe
Vegetables,16,22.9,19,171.73,16,Safe
Seafood,41,9.54,9,73.55,41,Safe
Vegetables,29,11.88,8,361.92,29,Safe
Bakery,186,16.63,6,174.6,186,Moderate Risk
Fruits,61,6.1,29,481.6,61,Safe
Meat,49,9.97,9,397.6,49,Safe
Meat,182,3.67,9,239.39,182,High Risk
Meat,32,4.18,6,432.41,32,Moderate Risk
Bakery,62,20.09,16,97.91,62,Safe
Vegetables,14,23.12,30,49.79,14,Safe
Dairy,109,6.26,22,61.09,109,Moderate Risk
Seafood,142,7.84,30,172.08,142,Moderate Risk
Bakery,68,15.17,25,473.61,68,Safe
Meat,73,13.67,26,248.56,73,Safe
Seafood,149,11.2,11,93.1,149,Safe
Meat,148,8.19,13,371.82,148,Safe
Seafood,29,8.01,26,242.89,29,Safe
Bakery,108,8.27,5,35.28,108,Moderate Risk
Bakery,7,15.41,20,471.09,7,Safe
Fruits,46,6.13,4,199.43,46,Moderate Risk
Bakery,146,24.17,17,250.53,146,Safe
Meat,78,11.69,18,359.74,78,Safe
Meat,98,15.0,13,464.72,98,Safe
Bakery,88,1.63,30,345.83,88,Moderate Risk
Dairy,155,3.98,12,353.78,155,High Risk
Dairy,74,20.98,21,32.68,74,Safe
Vegetables,57,10.74,17,140.92,57,Safe
Seafood,174,21.09,3,242.68,174,Moderate Risk
Dairy,17,8.08,9,317.93,17,Safe
Seafood,110,4.0,10,98.08,110,Moderate Risk
Fruits,86,24.51,9,285.38,86,Safe
Fruits,17,4.32,14,205.2,17,Safe
Dairy,32,3.42,9,217.37,32,Safe
Dairy,187,17.24,6,139.23,187,Moderate Risk
Seafood,26,23.72,12,18.49,26,Safe
Bakery,50,19.22,28,344.69,50,Safe
Fruits,13,21.37,28,288.62,13,Safe
Bakery,101,23.65,24,76.62,101,Safe
Meat,49,20.52,14,352.85,49,Safe
Vegetables,93,8.16,27,363.86,93,Safe
Vegetables,183,6.56,4,297.84,183,Moderate Risk
Seafood,65,5.35,22,368.64,65,Safe
Dairy,27,14.94,13,124.85,27,Safe
Dairy,180,17.22,23,148.93,180,Safe
Bakery,36,20.59,30,400.39,36,Safe
Bakery,48,11.35,28,332.92,48,Safe
Meat,193,1.52,15,467.56,193,High Risk
Seafood,111,17.14,12,190.13,111,Safe
Dairy,41,12.0,12,390.26,41,Safe
Bakery,57,14.09,6,44.16,57,Moderate Risk
Bakery,53,10.16,14,206.49,53,Safe
Bakery,112,8.85,22,137.87,112,Safe
Vegetables,16,19.84,22,483.35,16,Safe
Bakery,23,15.34,7,361.67,23,Safe
Meat,69,19.58,21,431.37,69,Safe
Seafood,30,18.94,14,41.87,30,Safe
Bakery,114,20.4,20,126.84,114,Safe
Seafood,89,21.33,1,264.79,89,High Risk
Fruits,142,9.15,6,54.58,142,Moderate Risk
Seafood,141,24.08,14,193.84,141,Safe
Vegetables,102,24.94,10,341.25,102,Safe
Meat,110,1.93,27,218.94,110,Moderate Risk
Vegetables,147,3.06,24,160.54,147,High Risk
Seafood,117,21.19,3,466.97,117,Moderate Risk
Dairy,16,7.5,18,153.36,16,Safe
Dairy,45,5.8,10,370.48,45,Safe
Vegetables,193,5.64,14,313.17,193,Moderate Risk
Fruits,126,4.47,17,41.06,126,High Risk
Dairy,180,17.06,27,379.34,180,Safe
Fruits,178,15.72,30,153.87,178,Safe
Vegetables,63,14.31,18,76.69,63,Safe
Vegetables,33,23.12,29,431.14,33,Safe
Fruits,112,19.52,12,65.11,112,Safe
Seafood,114,9.35,28,269.14,114,Safe
Dairy,127,1.43,6,419.75,127,High Risk
Bakery,66,19.14,19,383.36,66,Safe
Bakery,148,2.83,24,280.06,148,High Risk
Meat,133,1.97,18,260.36,133,High Risk
Fruits,92,20.53,15,141.06,92,Safe
Vegetables,5,8.43,25,404.08,5,Safe
Meat,137,18.22,7,16.11,137,Safe
Bakery,142,1.84,2,409.66,142,High Risk
Meat,122,21.58,20,362.3,122,Safe
Vegetables,69,6.16,18,125.62,69,Safe
Vegetables,140,13.56,17,494.17,140,Safe
Seafood,20,20.22,15,255.35,20,Safe
Meat,28,19.87,10,326.95,28,Safe
Dairy,197,19.26,29,36.7,197,Safe
Fruits,130,22.43,13,383.34,130,Safe
Seafood,109,3.14,3,203.24,109,Moderate Risk
Bakery,24,8.19,21,226.32,24,Safe
Fruits,195,14.43,26,193.73,195,Safe
Fruits,127,10.41,5,121.63,127,Moderate Risk
Bakery,68,24.55,3,179.54,68,Moderate Risk
Seafood,27,19.55,4,444.95,27,Moderate Risk
Fruits,104,19.5,17,305.09,104,Safe
Vegetables,189,15.07,27,410.28,189,Safe
Dairy,192,15.01,27,31.25,192,Safe
Vegetables,129,24.18,2,85.87,129,High Risk
Seafood,121,20.05,15,204.03,121,Safe
Dairy,14,7.82,24,40.29,14,Safe
Seafood,144,14.88,17,218.25,144,Safe
Bakery,115,23.95,5,324.58,115,Moderate Risk
Dairy,194,6.82,12,65.36,194,Moderate Risk
Fruits,8,7.33,26,423.42,8,Safe
Dairy,132,8.73,1,439.79,132,High Risk
Vegetables,111,6.98,20,365.97,111,Moderate Risk
Fruits,128,15.59,24,320.91,128,Safe
Bakery,157,8.84,4,482.75,157,Moderate Risk
Fruits,9,13.65,6,129.36,9,Moderate Risk
Bakery,76,13.69,5,273.22,76,Moderate Risk
Vegetables,129,22.17,10,449.29,129,Safe
Fruits,191,12.85,30,331.01,191,Safe
Fruits,186,5.06,20,96.14,186,Moderate Risk
Meat,137,11.82,2,262.18,137,High Risk
Seafood,112,5.2,3,367.13,112,Moderate Risk
Fruits,73,11.4,18,496.88,73,Safe
Dairy,16,14.86,27,220.16,16,Safe
Seafood,199,5.45,21,385.14,199,Moderate Risk
Fruits,84,23.43,28,425.66,84,Safe
Vegetables,34,24.24,3,123.83,34,Moderate Risk
Dairy,95,19.65,25,259.03,95,Safe
Seafood,101,23.46,28,315.71,101,Safe
Meat,180,14.59,27,414.21,180,Safe
Fruits,164,10.65,6,374.71,164,Moderate Risk
Dairy,60,18.86,29,467.29,60,Safe
Bakery,38,15.53,23,109.13,38,Safe
Bakery,59,17.87,23,379.46,59,Safe
Bakery,157,8.58,4,265.41,157,Moderate Risk
Fruits,172,21.51,18,313.93,172,Safe
Dairy,181,14.42,20,142.62,181,Safe
Seafood,88,23.8,12,198.89,88,Safe
Fruits,182,2.77,15,257.48,182,High Risk
Meat,22,23.09,28,65.04,22,Safe
Vegetables,10,19.88,21,239.0,10,Safe
Vegetables,146,19.1,20,288.35,146,Safe
Seafood,86,10.36,16,71.59,86,Safe
Bakery,115,21.14,1,482.48,115,High Risk
Bakery,11,13.34,3,456.04,11,Moderate Risk
Vegetables,8,9.05,27,132.32,8,Safe
Fruits,29,9.38,27,426.62,29,Safe
Meat,128,10.64,12,44.7,128,Safe
Bakery,94,1.6,16,307.58,94,Moderate Risk
Bakery,24,17.27,21,428.99,24,Safe
Bakery,121,17.81,8,369.03,121,Safe
Seafood,20,3.86,30,14.3,20,Safe
Vegetables,149,9.77,7,358.34,149,Safe
Dairy,116,12.83,17,262.46,116,Safe
Seafood,174,17.23,7,137.77,174,Safe
Vegetables,180,12.04,12,360.88,180,Safe
Seafood,14,23.59,9,61.54,14,Safe
Bakery,90,19.73,18,67.47,90,Safe
Seafood,157,3.4,11,486.64,157,High Risk
Bakery,117,16.03,27,439.24,117,Safe
Dairy,110,6.63,1,348.32,110,High Risk
Seafood,114,22.38,24,237.15,114,Safe
Bakery,16,5.59,26,389.95,16,Safe
Seafood,79,15.1,13,461.61,79,Safe
Dairy,24,2.37,22,391.42,24,Safe
Seafood,171,4.57,9,176.0,171,High Risk
Bakery,44,7.99,9,69.11,44,Safe
Bakery,5,3.96,30,113.91,5,Safe
Vegetables,189,8.22,23,105.07,189,Safe
Bakery,150,7.88,13,233.12,150,Moderate Risk
Bakery,106,19.38,26,176.78,106,Safe
Bakery,200,21.65,2,394.06,200,High Risk
Meat,143,20.17,11,422.63,143,Safe
Seafood,133,6.82,18,382.84,133,Moderate Risk
Vegetables,156,12.16,17,482.5,156,Safe
Bakery,190,8.35,25,33.58,190,Safe
Fruits,108,9.47,2,139.16,108,High Risk
Meat,29,1.82,25,401.92,29,Safe
Bakery,106,22.87,25,169.79,106,Safe
Seafood,50,3.41,9,365.63,50,Safe
Vegetables,145,14.83,22,159.53,145,Safe
Seafood,25,3.72,17,139.44,25,Safe
Meat,76,5.95,29,343.22,76,Safe
Dairy,153,23.99,8,456.67,153,Safe
Seafood,79,13.07,22,41.36,79,Safe
Seafood,176,12.89,5,473.28,176,Moderate Risk
Meat,88,13.02,7,499.57,88,Safe
Dairy,105,20.65,18,427.89,105,Safe
Dairy,194,18.83,9,349.29,194,Safe
Dairy,169,4.58,24,226.71,169,High Risk
Fruits,117,23.86,18,403.19,117,Safe
Meat,43,5.93,5,348.13,43,Moderate Risk
Meat,191,21.25,10,145.2,191,Safe
Fruits,16,22.06,27,312.41,16,Safe
Fruits,37,13.53,28,362.28,37,Safe
Fruits,85,17.67,13,487.53,85,Safe
Seafood,101,8.79,29,300.48,101,Safe
Seafood,106,17.61,8,248.67,106,Safe
Fruits,81,20.74,7,68.5,81,Safe
Fruits,169,6.16,18,39.66,169,Moderate Risk
Vegetables,22,14.99,19,185.2,22,Safe
Seafood,22,7.03,24,411.39,22,Safe
Vegetables,153,8.89,17,464.72,153,Safe
Bakery,59,18.19,27,84.98,59,Safe
Seafood,99,23.5,28,470.08,99,Safe
Fruits,144,22.44,8,243.15,144,Safe
Fruits,5,8.26,11,201.34,5,Safe
Fruits,159,3.24,12,427.24,159,High Risk
Vegetables,141,12.79,11,414.25,141,Safe
Meat,92,19.23,17,255.69,92,Safe
Fruits,102,13.84,14,400.71,102,Safe
Seafood,50,19.21,26,418.53,50,Safe
Dairy,21,17.75,18,45.35,21,Safe
Meat,94,9.98,24,438.96,94,Safe
Bakery,44,22.95,1,132.82,44,High Risk
Bakery,143,5.75,26,444.0,143,Moderate Risk
Vegetables,154,16.86,7,266.42,154,Safe
Meat,158,1.66,12,447.37,158,High Risk
Vegetables,191,20.08,16,60.88,191,Safe
Vegetables,71,16.05,15,94.94,71,Safe
Bakery,41,15.53,2,243.22,41,High Risk
Vegetables,82,21.56,9,260.37,82,Safe
Vegetables,176,24.07,2,87.16,176,High Risk
Bakery,163,17.21,30,53.9,163,Safe
Dairy,58,7.46,3,248.8,58,Moderate Risk
Seafood,87,13.89,10,246.18,87,Safe
Seafood,12,3.42,23,193.68,12,Safe
Vegetables,190,17.34,4,214.77,190,Moderate Risk
Fruits,51,6.08,18,352.99,51,Safe
Bakery,182,23.71,22,234.02,182,Safe
Bakery,56,24.03,22,353.0,56,Safe
Dairy,182,5.45,28,275.06,182,Moderate Risk
Meat,128,2.59,4,204.68,128,High Risk
Fruits,107,6.66,30,485.14,107,Moderate Risk
Fruits,93,4.78,15,157.9,93,Moderate Risk
Vegetables,29,16.36,23,215.52,29,Safe
Dairy,48,21.51,2,438.35,48,High Risk
Bakery,76,17.62,9,324.23,76,Safe
Meat,166,4.42,28,432.14,166,High Risk
Seafood,5,8.79,23,43.27,5,Safe
Vegetables,9,23.8,6,350.27,9,Moderate Risk
Seafood,78,6.03,19,258.34,78,Safe
Dairy,167,23.84,6,429.29,167,Moderate Risk
Fruits,69,19.44,12,30.23,69,Safe
Meat,42,12.54,22,223.1,42,Safe
Vegetables,155,13.87,18,377.45,155,Safe
Vegetables,110,19.92,11,14.72,110,Safe
Bakery,147,16.36,30,191.92,147,Safe
Seafood,177,16.63,22,264.57,177,Safe
Dairy,143,17.83,26,457.24,143,Safe
Fruits,125,23.79,29,135.58,125,Safe
Fruits,74,19.8,24,322.21,74,Safe
Dairy,72,6.33,16,216.25,72,Safe
Vegetables,182,14.51,4,488.2,182,Moderate Risk
Bakery,166,24.29,9,141.07,166,Safe
Bakery,31,6.66,30,213.37,31,Safe
Fruits,198,3.3,14,214.92,198,High Risk
Seafood,75,10.56,7,414.98,75,Safe
Seafood,119,6.28,24,176.44,119,Moderate Risk
Bakery,192,8.58,23,18.35,192,Safe
Bakery,5,21.68,6,342.26,5,Moderate Risk
Vegetables,146,14.59,29,238.42,146,Safe
Dairy,121,9.34,3,412.17,121,Moderate Risk
Seafood,42,24.87,4,234.12,42,Moderate Risk
Fruits,19,13.66,27,499.78,19,Safe
Seafood,44,13.36,9,442.41,44,Safe
Bakery,48,9.4,4,472.08,48,Moderate Risk
Dairy,101,1.16,3,220.86,101,Moderate Risk
Meat,96,9.31,25,439.34,96,Safe
Dairy,167,21.59,21,363.02,167,Safe
Fruits,23,24.83,5,381.51,23,Moderate Risk
Dairy,164,24.32,8,161.89,164,Safe
Meat,20,1.33,2,156.48,20,High Risk
Seafood,26,2.69,2,357.87,26,High Risk
Seafood,110,12.91,15,429.36,110,Safe
Meat,132,13.11,14,304.85,132,Safe
Vegetables,10,7.21,26,402.23,10,Safe
Bakery,47,3.39,5,404.24,47,Moderate Risk
Bakery,65,16.01,18,373.44,65,Safe
Meat,100,15.9,28,252.38,100,Safe
Fruits,168,18.78,26,450.12,168,Safe
Dairy,182,14.91,15,370.58,182,Safe
Bakery,73,3.81,20,144.19,73,Safe
Fruits,115,6.49,28,211.54,115,Moderate Risk
Seafood,109,19.17,11,297.68,109,Safe
Fruits,71,1.38,27,239.34,71,Safe
Vegetables,32,5.12,29,189.75,32,Safe
Meat,71,14.69,16,76.29,71,Safe
Meat,51,24.54,21,442.29,51,Safe
Dairy,30,2.32,13,224.99,30,Safe
Fruits,105,8.53,12,397.74,105,Safe
Seafood,133,18.79,2,383.73,133,High Risk
Bakery,83,19.14,10,50.98,83,Safe
Vegetables,125,13.53,24,405.77,125,Safe
Seafood,14,7.14,25,393.6,14,Safe
Vegetables,138,4.2,11,419.56,138,High Risk
Meat,101,14.55,9,378.17,101,Safe
Fruits,71,19.88,27,377.06,71,Safe
Fruits,34,10.92,12,367.68,34,Safe
Bakery,194,7.83,19,424.05,194,Moderate Risk
Fruits,13,2.66,6,28.37,13,Moderate Risk
Bakery,119,23.75,23,93.38,119,Safe
Meat,10,16.49,29,335.67,10,Safe
Dairy,37,15.11,26,186.36,37,Safe
Meat,111,11.12,12,477.24,111,Safe
Vegetables,195,5.44,8,480.92,195,Moderate Risk
Bakery,55,9.58,29,385.26,55,Safe
Vegetables,70,19.28,25,340.51,70,Safe
Dairy,129,15.17,5,178.08,129,Moderate Risk
Seafood,149,11.45,24,113.74,149,Safe
Bakery,88,8.67,5,146.38,88,Moderate Risk
Dairy,151,19.72,24,330.05,151,Safe
Dairy,126,12.25,3,310.72,126,Moderate Risk
Seafood,115,20.8,15,293.21,115,Safe
Dairy,27,20.61,20,324.93,27,Safe
Seafood,152,11.4,20,489.64,152,Safe
Bakery,152,4.64,13,460.71,152,High Risk
Seafood,19,21.08,15,42.62,19,Safe
Dairy,62,23.07,7,341.74,62,Safe
Seafood,172,6.75,20,136.98,172,Moderate Risk
Dairy,157,24.62,30,319.44,157,Safe
Bakery,22,8.93,2,198.05,22,High Risk
Seafood,67,11.2,15,484.18,67,Safe
Fruits,83,21.96,10,38.83,83,Safe
Dairy,76,8.71,8,433.92,76,Safe
Dairy,64,19.68,17,247.78,64,Safe
Meat,157,2.35,18,49.91,157,High Risk
Bakery,193,20.3,14,168.91,193,Safe
Bakery,133,20.08,18,251.66,133,Safe
Bakery,56,9.31,2,158.51,56,High Risk
Bakery,100,14.11,6,457.01,100,Moderate Risk
Meat,43,4.39,19,471.29,43,Safe
Dairy,25,3.38,19,383.82,25,Safe
Meat,129,17.22,6,57.19,129,Moderate Risk
Seafood,82,5.42,16,354.19,82,Moderate Risk
Meat,123,3.63,7,393.23,123,High Risk
Bakery,21,6.68,5,269.44,21,Moderate Risk
Vegetables,181,9.65,7,120.28,181,Safe
Dairy,192,17.75,5,209.93,192,Moderate Risk
Meat,103,12.59,23,149.61,103,Safe
Dairy,62,19.56,26,443.68,62,Safe
Bakery,153,11.26,6,106.69,153,Moderate Risk
Vegetables,186,14.35,16,203.4,186,Safe
Dairy,19,10.8,21,126.49,19,Safe
Vegetables,142,9.08,13,414.43,142,Safe
Meat,98,1.05,8,273.08,98,Moderate Risk
Dairy,54,22.79,12,133.31,54,Safe
Fruits,149,24.59,1,154.57,149,High Risk
Seafood,84,21.43,23,107.81,84,Safe
Vegetables,81,7.5,29,442.16,81,Moderate Risk
Meat,129,5.27,17,129.05,129,Moderate Risk
Seafood,35,13.79,14,496.51,35,Safe
Seafood,70,11.74,3,394.85,70,Moderate Risk
Bakery,115,16.89,5,432.09,115,Moderate Risk
Meat,146,21.59,16,11.24,146,Safe
Meat,34,5.63,9,118.85,34,Safe
Fruits,95,14.11,15,406.54,95,Safe
Bakery,173,17.71,22,128.41,173,Safe
Bakery,130,12.2,24,284.46,130,Safe
Meat,191,12.09,22,265.37,191,Safe
Bakery,39,4.41,26,483.03,39,Safe
Dairy,177,11.34,5,65.41,177,Moderate Risk
Seafood,170,24.02,1,64.61,170,High Risk
Dairy,148,8.71,1,437.19,148,High Risk
Vegetables,133,22.69,17,432.43,133,Safe
Seafood,122,15.87,19,474.2,122,Safe
Seafood,162,3.78,17,181.75,162,High Risk
Seafood,198,20.48,14,86.79,198,Safe
Meat,57,8.17,22,454.39,57,Safe
Vegetables,69,7.28,2,483.36,69,High Risk
Meat,192,6.42,6,491.35,192,Moderate Risk
Vegetables,200,13.5,18,302.15,200,Safe
Seafood,33,4.85,24,91.09,33,Safe
Seafood,9,15.03,19,157.21,9,Safe
Dairy,57,22.31,20,201.52,57,Safe
Dairy,56,24.89,26,117.49,56,Safe
Seafood,75,20.62,13,299.29,75,Safe
Bakery,131,10.33,10,344.62,131,Safe
Seafood,42,23.44,3,87.55,42,Moderate Risk
Vegetables,10,20.95,12,173.87,10,Safe
Fruits,183,3.77,19,450.69,183,High Risk
Dairy,151,13.73,7,125.86,151,Safe
Seafood,120,9.22,15,138.19,120,Safe
Bakery,115,7.5,26,349.37,115,Moderate Risk
Fruits,42,3.71,9,13.53,42,Safe
Seafood,151,6.05,12,169.42,151,Moderate Risk
Seafood,75,13.94,12,329.06,75,Safe
Fruits,73,11.96,3,337.28,73,Moderate Risk
Seafood,126,3.7,21,245.1,126,High Risk
Dairy,187,2.24,12,288.32,187,High Risk
Meat,66,14.36,12,29.96,66,Safe
Seafood,134,20.39,21,298.88,134,Safe
Fruits,45,19.1,28,166.14,45,Safe
Fruits,69,11.14,29,164.06,69,Safe
Bakery,85,16.63,16,223.95,85,Safe
Seafood,172,9.42,25,232.15,172,Safe
Seafood,84,19.95,28,465.41,84,Safe
Dairy,161,3.3,7,471.83,161,High Risk
Dairy,113,12.37,30,463.57,113,Safe
Meat,121,2.23,6,269.16,121,High Risk
Seafood,95,8.14,4,493.65,95,Moderate Risk
Vegetables,155,23.0,6,101.0,155,Moderate Risk
Seafood,50,16.77,15,72.08,50,Safe
Meat,22,6.19,1,203.26,22,High Risk
Meat,26,3.12,19,433.97,26,Safe
Fruits,51,19.24,26,357.12,51,Safe
Meat,168,14.26,8,484.61,168,Safe
Seafood,149,17.56,28,153.82,149,Safe
Bakery,37,18.07,1,198.33,37,High Risk
Meat,132,11.4,24,477.43,132,Safe
Fruits,36,8.38,6,69.95,36,Moderate Risk
Fruits,78,1.85,28,121.39,78,Safe
Seafood,107,6.04,8,117.91,107,Moderate Risk
Vegetables,57,15.52,15,231.86,57,Safe
Meat,12,3.25,16,378.69,12,Safe
Bakery,14,2.46,11,333.42,14,Safe
Bakery,198,16.17,12,47.63,198,Safe
Dairy,139,3.45,7,451.93,139,High Risk
Fruits,180,17.03,13,402.08,180,Safe
Fruits,123,11.08,23,310.79,123,Safe
Seafood,174,8.56,29,113.61,174,Safe
Fruits,8,6.42,15,333.53,8,Safe
Vegetables,128,2.36,6,135.48,128,High Risk
Vegetables,118,12.28,3,39.8,118,Moderate Risk
Vegetables,13,2.24,23,429.52,13,Safe
Bakery,119,11.05,6,395.15,119,Moderate Risk
Meat,10,23.22,28,224.57,10,Safe
Dairy,185,7.8,19,19.77,185,Moderate Risk
Fruits,165,20.87,24,243.83,165,Safe
Fruits,156,13.03,15,104.49,156,Safe
Bakery,125,9.7,14,374.29,125,Safe
Meat,128,1.19,27,160.79,128,High Risk
Meat,6,13.54,4,220.04,6,Moderate Risk
Dairy,137,10.73,25,225.0,137,Safe
Seafood,176,22.46,6,409.63,176,Moderate Risk
Bakery,86,9.97,2,335.65,86,High Risk
Bakery,179,11.83,26,172.61,179,Safe
Bakery,31,20.95,7,278.05,31,Safe
Meat,112,15.49,30,182.41,112,Safe
Vegetables,61,20.21,21,98.87,61,Safe
Seafood,188,9.89,22,445.96,188,Safe
Fruits,81,1.57,1,319.5,81,High Risk
Meat,169,22.51,3,157.13,169,Moderate Risk
Dairy,53,7.87,9,469.77,53,Safe
Bakery,116,17.5,1,117.3,116,High Risk
Bakery,96,4.7,19,458.86,96,Moderate Risk
Fruits,113,1.53,2,92.08,113,High Risk
Seafood,145,6.97,8,65.45,145,Moderate Risk
Dairy,195,15.59,15,439.28,195,Safe
Vegetables,62,17.19,7,146.81,62,Safe
Vegetables,182,13.6,14,157.63,182,Safe
Dairy,27,11.09,6,456.92,27,Moderate Risk
Dairy,5,21.72,20,313.9,5,Safe
Bakery,142,16.4,1,114.66,142,High Risk
Seafood,131,20.58,26,258.18,131,Safe
Vegetables,139,7.13,6,352.48,139,Moderate Risk
Dairy,187,3.02,24,123.48,187,High Risk
Dairy,5,10.42,25,168.57,5,Safe
Bakery,16,14.4,14,262.13,16,Safe
Fruits,165,9.58,2,304.57,165,High Risk
Vegetables,17,23.87,3,301.96,17,Moderate Risk
Vegetables,198,23.34,2,229.41,198,High Risk
Fruits,99,22.4,29,114.21,99,Safe
Fruits,173,13.26,18,284.32,173,Safe
Dairy,64,7.06,19,365.84,64,Safe
Bakery,29,18.32,12,240.78,29,Safe
Bakery,124,8.45,3,379.94,124,Moderate Risk
Seafood,11,23.98,8,208.89,11,Safe
Dairy,50,16.39,17,147.62,50,Safe
Fruits,76,23.26,13,474.66,76,Safe
Dairy,80,14.53,3,339.08,80,Moderate Risk
Bakery,192,8.67,25,234.09,192,Safe
Bakery,148,2.41,13,46.29,148,High Risk
Seafood,120,11.73,11,56.72,120,Safe
Vegetables,52,22.93,22,346.78,52,Safe
Fruits,166,14.24,12,378.55,166,Safe
Dairy,102,20.86,6,72.1,102,Moderate Risk
Dairy,140,11.35,7,171.1,140,Safe
Fruits,179,8.71,17,56.11,179,Safe
Vegetables,127,19.13,17,451.12,127,Safe
Meat,40,6.25,25,460.74,40,Safe
Meat,110,5.99,6,439.19,110,Moderate Risk
Meat,80,3.63,6,419.24,80,Moderate Risk
Meat,34,14.83,21,187.21,34,Safe
Fruits,87,9.83,4,234.66,87,Moderate Risk
Fruits,60,22.7,14,280.22,60,Safe
Vegetables,163,3.11,6,496.99,163,High Risk
Fruits,190,19.56,18,382.86,190,Safe
Bakery,193,24.18,3,347.86,193,Moderate Risk
Bakery,87,5.39,22,266.75,87,Moderate Risk
Seafood,157,23.1,15,52.62,157,Safe
Bakery,74,12.03,8,338.62,74,Safe
Dairy,50,23.09,14,443.05,50,Safe
Seafood,53,11.34,14,119.96,53,Safe
Vegetables,124,9.95,22,364.21,124,Safe
Vegetables,80,24.49,13,227.58,80,Safe
Bakery,195,2.83,16,439.25,195,High Risk
Fruits,37,13.01,13,490.53,37,Safe
Fruits,38,13.79,8,383.0,38,Safe
Seafood,192,5.73,4,135.15,192,Moderate Risk
Meat,182,15.23,12,329.8,182,Safe
Dairy,162,22.7,18,233.88,162,Safe
Vegetables,166,1.94,16,455.56,166,High Risk
Fruits,82,11.76,25,408.05,82,Safe
Fruits,161,24.69,5,241.03,161,Moderate Risk
Bakery,191,14.19,30,432.38,191,Safe
Dairy,85,8.22,8,45.98,85,Safe
Vegetables,144,16.36,30,261.36,144,Safe
Meat,194,11.77,18,281.29,194,Safe
Meat,147,4.08,24,155.92,147,High Risk
Vegetables,164,17.85,30,136.94,164,Safe
Bakery,60,20.29,2,224.08,60,High Risk
Bakery,12,15.83,14,141.71,12,Safe
Vegetables,169,4.85,4,416.6,169,High Risk
Seafood,120,13.06,8,460.9,120,Safe
Fruits,62,1.83,5,251.67,62,Moderate Risk
Bakery,105,18.71,12,373.88,105,Safe
Vegetables,119,11.31,4,191.42,119,Moderate Risk
Meat,108,11.36,19,151.68,108,Safe
Fruits,154,9.57,2,455.05,154,High Risk
Bakery,56,8.68,8,308.94,56,Safe
Dairy,42,24.22,26,61.39,42,Safe
Vegetables,45,8.07,6,67.0,45,Moderate Risk
Bakery,12,8.52,10,339.74,12,Safe
Vegetables,70,17.94,4,268.02,70,Moderate Risk
Vegetables,197,14.64,14,374.04,197,Safe
Fruits,59,24.39,25,78.6,59,Safe
Fruits,158,19.83,4,251.83,158,Moderate Risk
Dairy,169,9.77,6,248.54,169,Moderate Risk
Seafood,182,12.98,26,230.13,182,Safe
Fruits,135,23.21,5,95.34,135,Moderate Risk
Fruits,200,14.26,18,88.35,200,Safe
Bakery,43,23.68,16,17.24,43,Safe
Bakery,184,2.66,13,197.81,184,High Risk
Bakery,199,22.27,15,428.67,199,Safe
Vegetables,61,19.3,11,347.71,61,Safe
Meat,167,5.1,30,115.56,167,Moderate Risk
Vegetables,96,17.46,22,78.19,96,Safe
Bakery,191,23.33,26,445.54,191,Safe
Fruits,99,23.36,1,245.48,99,High Risk
Dairy,90,23.21,23,142.13,90,Safe
Dairy,189,8.98,21,139.7,189,Safe
Meat,59,14.34,23,410.52,59,Safe
Dairy,8,14.43,15,43.23,8,Safe
Dairy,102,12.33,7,134.2,102,Safe
Vegetables,31,18.75,19,454.82,31,Safe
Meat,172,20.47,21,485.35,172,Safe
Bakery,136,12.46,8,49.34,136,Safe
Meat,97,11.29,24,499.34,97,Safe
Meat,21,5.23,6,231.9,21,Moderate Risk
Seafood,138,11.18,17,489.86,138,Safe
Seafood,118,13.27,17,424.12,118,Safe
Bakery,78,8.76,25,365.64,78,Safe
Seafood,148,15.83,9,390.78,148,Safe
Dairy,143,12.83,27,493.03,143,Safe
Dairy,24,11.92,8,290.73,24,Safe
Meat,7,20.01,21,168.95,7,Safe
Vegetables,195,4.41,17,102.33,195,High Risk
Seafood,52,24.62,10,443.86,52,Safe
Dairy,108,13.22,13,291.13,108,Safe
Seafood,163,10.68,26,487.78,163,Safe
Vegetables,83,1.21,20,383.06,83,Moderate Risk
Fruits,183,16.16,6,162.19,183,Moderate Risk
Dairy,16,23.05,19,485.66,16,Safe
Meat,173,3.94,20,280.52,173,High Risk
Vegetables,200,18.56,24,98.12,200,Safe
Dairy,49,18.14,27,24.15,49,Safe
Meat,71,11.39,29,479.19,71,Safe
Meat,52,20.71,22,87.73,52,Safe
Dairy,200,17.98,16,198.77,200,Safe
Bakery,121,22.45,22,495.17,121,Safe
Meat,173,21.45,27,188.38,173,Safe
Dairy,46,22.09,3,278.51,46,Moderate Risk
Meat,54,9.59,12,404.65,54,Safe
Vegetables,43,24.71,13,272.7,43,Safe
Seafood,53,17.43,7,331.46,53,Safe
Fruits,157,14.12,2,184.85,157,High Risk
Dairy,184,23.7,13,337.7,184,Safe
Meat,80,9.57,3,271.88,80,Moderate Risk
Vegetables,177,15.11,27,364.91,177,Safe
Meat,12,7.54,30,25.99,12,Safe
Vegetables,47,21.98,8,225.96,47,Safe
Fruits,163,10.94,6,343.92,163,Moderate Risk
Fruits,46,18.31,7,177.6,46,Safe
Meat,50,6.1,20,328.21,50,Safe
Meat,94,10.17,6,65.3,94,Moderate Risk
Dairy,22,9.62,23,177.29,22,Safe
Vegetables,106,11.81,27,396.97,106,Safe
Vegetables,77,3.97,23,218.94,77,Safe
Seafood,55,13.68,5,256.89,55,Moderate Risk
Meat,172,14.23,11,327.24,172,Safe
Vegetables,32,16.94,17,57.09,32,Safe
Vegetables,200,3.51,12,115.95,200,High Risk
Seafood,107,7.99,6,116.12,107,Moderate Risk
Fruits,60,19.69,5,130.48,60,Moderate Risk
Dairy,181,16.31,3,305.54,181,Moderate Risk
Bakery,79,7.22,26,29.16,79,Safe
Vegetables,24,24.4,22,285.4,24,Safe
Vegetables,12,20.27,15,359.33,12,Safe
Fruits,128,15.78,24,330.81,128,Safe
Seafood,79,10.51,17,85.06,79,Safe
Dairy,92,1.91,9,99.59,92,Moderate Risk
Fruits,26,8.15,26,19.75,26,Safe
Fruits,137,5.9,3,246.44,137,Moderate Risk
Bakery,35,3.41,25,32.98,35,Safe
Bakery,100,13.42,3,389.24,100,Moderate Risk
Bakery,161,22.17,21,22.56,161,Safe
Vegetables,183,20.06,6,402.9,183,Moderate Risk
Seafood,60,3.98,26,421.48,60,Safe
Meat,184,21.55,30,49.02,184,Safe
Vegetables,64,4.13,9,262.01,64,Safe
Dairy,7,13.49,24,160.97,7,Safe
Vegetables,125,14.06,8,481.3,125,Safe
Fruits,112,4.03,17,143.07,112,Moderate Risk
Vegetables,65,15.62,18,132.7,65,Safe
Dairy,7,7.97,8,497.06,7,Safe
Dairy,7,18.29,10,126.86,7,Safe
Fruits,157,11.26,16,397.4,157,Safe
Vegetables,13,19.92,9,190.11,13,Safe
Vegetables,139,21.66,6,249.81,139,Moderate Risk
Dairy,11,8.41,15,411.89,11,Safe
Meat,33,21.75,23,172.93,33,Safe
Seafood,115,7.92,24,182.16,115,Moderate Risk
Dairy,86,3.01,5,385.99,86,Moderate Risk
Fruits,196,19.64,15,459.03,196,Safe
Vegetables,126,19.42,13,253.91,126,Safe
Dairy,130,7.34,15,359.73,130,Moderate Risk
Vegetables,165,15.46,16,468.45,165,Safe
Meat,159,15.64,1,336.49,159,High Risk
Seafood,155,2.99,12,373.32,155,High Risk
Fruits,97,9.62,18,159.96,97,Safe
Fruits,121,5.49,15,399.65,121,Moderate Risk
Dairy,75,14.39,2,411.98,75,High Risk
Dairy,71,5.65,5,224.62,71,Moderate Risk
Meat,36,7.11,12,263.29,36,Safe
Dairy,102,24.33,30,139.92,102,Safe
Dairy,119,13.42,10,394.08,119,Safe
Meat,147,16.39,13,416.56,147,Safe
Dairy,173,1.55,24,125.21,173,High Risk
Dairy,109,9.37,4,46.72,109,Moderate Risk
Meat,40,13.49,8,103.49,40,Safe
Seafood,114,14.79,9,470.23,114,Safe
Dairy,59,1.46,18,390.54,59,Safe
Meat,109,7.61,26,221.61,109,Moderate Risk
Fruits,8,6.53,6,282.77,8,Moderate Risk
Vegetables,98,6.88,3,338.18,98,Moderate Risk
Fruits,124,24.56,28,234.03,124,Safe
Dairy,73,8.58,29,447.32,73,Safe
Bakery,21,21.18,23,493.86,21,Safe
Bakery,14,22.53,20,425.99,14,Safe
Seafood,104,17.84,23,250.57,104,Safe
Fruits,143,12.16,26,420.64,143,Safe
Fruits,133,18.65,27,381.28,133,Safe
Meat,120,20.37,26,173.77,120,Safe
Dairy,63,11.32,4,71.34,63,Moderate Risk
Fruits,13,8.61,25,246.69,13,Safe
Bakery,60,13.05,14,128.23,60,Safe
Meat,99,20.87,5,87.86,99,Moderate Risk
Fruits,104,22.71,20,257.07,104,Safe
Seafood,143,5.65,29,486.96,143,Moderate Risk
Seafood,112,2.87,22,232.78,112,Moderate Risk
Vegetables,5,23.43,3,472.42,5,Moderate Risk
Vegetables,46,3.03,23,152.55,46,Safe
Fruits,130,18.27,28,471.22,130,Safe
Seafood,11,2.05,13,197.65,11,Safe
Vegetables,196,21.97,7,100.44,196,Safe
Vegetables,182,4.93,20,350.3,182,High Risk
Fruits,142,17.71,25,398.38,142,Safe
Meat,124,15.42,22,434.16,124,Safe
Meat,7,14.58,11,311.85,7,Safe
Dairy,65,5.57,2,150.08,65,High Risk
Dairy,84,2.88,28,175.39,84,Moderate Risk
Vegetables,31,4.73,23,406.75,31,Safe
Meat,97,8.39,6,160.24,97,Moderate Risk
Fruits,193,1.21,27,465.0,193,High Risk
Seafood,176,8.38,3,400.56,176,Moderate Risk
Vegetables,186,11.5,1,370.47,186,High Risk
Seafood,34,6.57,14,98.21,34,Safe
Dairy,195,21.99,18,453.67,195,Safe
Fruits,156,13.47,19,180.01,156,Safe
Meat,190,13.28,22,383.61,190,Safe
Dairy,84,5.17,5,401.12,84,Moderate Risk
Dairy,183,16.94,19,115.02,183,Safe
Vegetables,195,6.72,8,462.81,195,Moderate Risk
Fruits,35,3.58,8,156.6,35,Safe
Meat,157,15.41,24,296.96,157,Safe
Seafood,145,2.55,20,459.3,145,High Risk
Seafood,161,19.32,24,108.14,161,Safe
Bakery,14,24.38,2,52.1,14,High Risk
Dairy,63,2.23,3,225.91,63,Moderate Risk
Fruits,160,18.76,6,107.31,160,Moderate Risk
Bakery,111,9.82,22,44.47,111,Safe
Fruits,89,10.72,2,112.06,89,High Risk
Bakery,71,20.43,2,196.67,71,High Risk
Dairy,120,8.0,10,306.96,120,Safe
Fruits,43,8.08,25,350.87,43,Safe
Seafood,22,15.49,18,236.78,22,Safe
Seafood,116,22.92,4,371.17,116,Moderate Risk
Meat,83,1.32,19,105.92,83,Moderate Risk
Meat,29,17.63,8,283.65,29,Safe
Meat,79,23.82,13,112.14,79,Safe
Fruits,65,14.89,1,237.87,65,High Risk
Fruits,182,10.66,6,423.85,182,Moderate Risk
Bakery,63,13.91,19,297.36,63,Safe
Bakery,31,9.13,7,154.99,31,Safe
Vegetables,124,20.88,18,215.31,124,Safe
Vegetables,136,23.11,3,326.24,136,Moderate Risk
Bakery,55,24.68,3,124.59,55,Moderate Risk
Meat,46,20.9,8,39.15,46,Safe
Meat,105,22.18,29,82.42,105,Safe
Seafood,173,5.93,20,299.86,173,Moderate Risk
Seafood,165,11.56,27,436.89,165,Safe
Vegetables,140,6.43,16,288.06,140,Moderate Risk
Bakery,100,4.85,24,223.31,100,Moderate Risk
Vegetables,83,10.02,7,334.72,83,Safe
Bakery,171,5.97,15,469.17,171,Moderate Risk
Vegetables,64,4.37,6,499.7,64,Moderate Risk
Fruits,129,7.3,9,416.13,129,Moderate Risk
Fruits,32,12.21,8,208.27,32,Safe
Meat,8,11.03,13,249.81,8,Safe
Dairy,10,6.12,5,165.46,10,Moderate Risk
Dairy,115,1.61,2,428.79,115,High Risk
Vegetables,84,9.36,16,270.32,84,Safe
Fruits,107,8.66,12,472.2,107,Safe
Dairy,86,17.76,29,49.56,86,Safe
Dairy,171,8.61,26,72.28,171,Safe
Meat,54,18.48,3,389.07,54,Moderate Risk
Dairy,10,18.24,28,297.69,10,Safe
Vegetables,15,8.66,3,416.68,15,Moderate Risk
Bakery,162,17.76,15,282.91,162,Safe
Vegetables,128,16.96,9,41.06,128,Safe
Bakery,14,11.28,4,237.96,14,Moderate Risk
Seafood,48,19.29,19,152.18,48,Safe
Bakery,122,20.32,26,496.24,122,Safe
Vegetables,58,2.35,9,32.32,58,Safe
Meat,56,6.5,4,360.85,56,Moderate Risk
Seafood,88,12.62,5,70.2,88,Moderate Risk
Bakery,82,15.49,10,491.66,82,Safe
Bakery,75,21.9,4,237.65,75,Moderate Risk
Dairy,54,23.65,2,56.7,54,High Risk
Vegetables,169,10.14,3,498.75,169,Moderate Risk
Bakery,104,22.79,5,194.37,104,Moderate Risk
Bakery,124,22.8,2,200.13,124,High Risk
Bakery,66,24.07,5,241.43,66,Moderate Risk
Fruits,53,23.73,17,317.13,53,Safe
Fruits,91,12.82,3,113.55,91,Moderate Risk
Vegetables,113,3.96,12,428.32,113,Moderate Risk
Dairy,86,12.73,29,145.4,86,Safe
Seafood,66,7.04,7,292.25,66,Safe
Vegetables,126,7.68,28,156.98,126,Moderate Risk
Vegetables,179,4.24,24,145.76,179,High Risk
Vegetables,72,23.34,22,29.42,72,Safe
Vegetables,54,1.92,7,477.18,54,Safe
Fruits,12,10.08,24,486.86,12,Safe
Vegetables,127,20.18,10,342.27,127,Safe
Vegetables,29,13.37,11,248.26,29,Safe
Vegetables,88,8.8,14,128.72,88,Safe
Meat,197,10.17,2,15.46,197,High Risk
Dairy,107,2.24,11,261.54,107,Moderate Risk
Dairy,66,12.43,22,176.08,66,Safe
Meat,176,10.49,1,44.15,176,High Risk
Vegetables,122,23.43,4,101.69,122,Moderate Risk
Dairy,27,13.15,3,383.46,27,Moderate Risk
Dairy,123,19.54,16,81.58,123,Safe
Vegetables,156,13.53,1,66.79,156,High Risk
Bakery,88,24.72,2,411.71,88,High Risk
Dairy,179,2.42,21,120.07,179,High Risk
Seafood,41,23.99,19,460.71,41,Safe
Vegetables,178,24.71,24,272.86,178,Safe
Fruits,18,5.19,24,95.36,18,Safe
Meat,162,18.18,25,141.61,162,Safe
Bakery,106,9.47,17,214.15,106,Safe
Fruits,87,8.26,17,221.47,87,Safe
Vegetables,127,18.98,15,239.76,127,Safe
Vegetables,83,22.64,30,141.72,83,Safe
Vegetables,50,14.81,19,435.7,50,Safe
Meat,55,15.66,21,215.18,55,Safe
Dairy,103,20.91,18,385.77,103,Safe
Vegetables,122,10.7,25,159.37,122,Safe
Fruits,11,22.4,19,272.28,11,Safe
Meat,116,23.11,30,181.54,116,Safe
Meat,18,2.62,9,399.04,18,Safe
Dairy,171,14.74,17,321.68,171,Safe
Meat,42,17.91,20,159.17,42,Safe
Seafood,58,13.71,9,426.19,58,Safe
Vegetables,30,20.25,20,235.77,30,Safe
Dairy,25,19.01,23,327.67,25,Safe
Vegetables,63,14.82,18,417.43,63,Safe
Bakery,7,4.27,24,46.75,7,Safe
Meat,5,24.71,11,305.91,5,Safe
Dairy,162,11.73,30,110.28,162,Safe
Seafood,69,19.35,18,392.51,69,Safe
Vegetables,62,9.11,22,341.1,62,Safe
Bakery,153,2.93,7,22.33,153,High Risk
Meat,82,18.65,20,314.72,82,Safe
Dairy,95,2.91,1,180.17,95,High Risk
Seafood,166,3.74,2,488.25,166,High Risk
Fruits,49,2.44,3,76.8,49,Moderate Risk
Meat,29,10.83,22,134.39,29,Safe
Vegetables,73,23.66,7,275.42,73,Safe
Meat,40,1.02,23,456.37,40,Safe
Seafood,62,1.74,15,470.45,62,Safe
Seafood,181,7.67,5,19.31,181,Moderate Risk
Bakery,36,6.13,13,296.13,36,Safe
Bakery,110,20.44,1,266.53,110,High Risk
Seafood,141,10.65,8,409.11,141,Safe
Bakery,72,4.58,30,179.95,72,Safe
Seafood,174,10.62,10,174.85,174,Safe
Fruits,159,3.2,27,325.35,159,High Risk
Seafood,164,5.27,2,210.38,164,High Risk
Seafood,168,22.07,3,229.69,168,Moderate Risk
Meat,40,14.93,16,103.28,40,Safe
Fruits,81,5.37,5,132.01,81,Moderate Risk
Meat,141,1.29,18,116.98,141,High Risk
Seafood,38,16.86,23,29.93,38,Safe
Dairy,149,6.88,13,373.59,149,Moderate Risk
Vegetables,40,21.18,15,261.07,40,Safe
Vegetables,120,9.38,28,477.53,120,Safe
Seafood,40,20.54,27,104.23,40,Safe
Vegetables,168,1.55,27,243.04,168,High Risk
Vegetables,146,12.15,18,208.33,146,Safe
Meat,160,9.12,11,449.76,160,Safe
Vegetables,183,13.0,1,383.04,183,High Risk
Meat,191,6.37,22,155.92,191,Moderate Risk
Fruits,145,21.57,1,242.6,145,High Risk
Seafood,100,2.98,22,306.69,100,Moderate Risk
Vegetables,33,8.26,5,164.72,33,Moderate Risk
Meat,65,22.03,1,50.88,65,High Risk
Bakery,17,9.36,13,108.11,17,Safe
Dairy,93,5.66,12,51.74,93,Moderate Risk
Dairy,46,2.28,2,239.49,46,High Risk
Seafood,63,19.64,7,478.45,63,Safe
Meat,129,1.75,12,340.02,129,High Risk
Meat,178,3.12,28,424.71,178,High Risk
Dairy,161,15.55,29,180.58,161,Safe
Dairy,197,8.85,6,210.71,197,Moderate Risk
Dairy,148,10.96,3,86.84,148,Moderate Risk
Seafood,175,24.58,11,411.31,175,Safe
Dairy,105,13.2,10,499.81,105,Safe
Meat,135,20.61,24,361.87,135,Safe
Fruits,51,23.16,25,95.39,51,Safe
Seafood,72,10.14,8,187.41,72,Safe
Seafood,197,9.71,18,146.06,197,Safe
Fruits,80,22.01,6,97.16,80,Moderate Risk
Seafood,28,11.98,5,334.96,28,Moderate Risk
Meat,19,10.31,26,168.02,19,Safe
Seafood,161,17.42,1,460.42,161,High Risk
Vegetables,61,13.78,11,440.03,61,Safe
Meat,150,3.91,20,176.03,150,High Risk
Fruits,85,12.72,8,134.81,85,Safe
Bakery,83,17.72,19,273.22,83,Safe
Bakery,92,5.93,1,12.93,92,High Risk
Fruits,97,20.36,8,450.15,97,Safe
Dairy,148,9.7,6,478.35,148,Moderate Risk
Vegetables,180,16.54,17,414.29,180,Safe
Dairy,40,17.42,12,24.25,40,Safe
Bakery,70,13.95,23,485.65,70,Safe
Bakery,44,3.97,12,222.2,44,Safe
Seafood,172,17.02,29,205.06,172,Safe
Fruits,131,16.87,13,406.9,131,Safe
Dairy,173,24.93,29,303.49,173,Safe
Meat,196,6.45,28,496.59,196,Moderate Risk
Vegetables,16,12.12,14,73.35,16,Safe
Meat,53,7.9,13,439.75,53,Safe
Bakery,72,7.37,26,407.78,72,Safe
Meat,78,3.78,25,177.95,78,Safe
Vegetables,28,13.12,23,314.65,28,Safe
Bakery,156,7.15,8,473.13,156,Moderate Risk
Meat,127,21.73,6,493.09,127,Moderate Risk
Meat,44,24.79,20,370.47,44,Safe
Dairy,168,9.04,4,205.04,168,Moderate Risk
Vegetables,18,7.86,20,44.76,18,Safe
Vegetables,155,22.97,25,122.62,155,Safe
Vegetables,177,22.32,16,404.05,177,Safe
Seafood,131,14.19,12,425.95,131,Safe
Fruits,44,14.36,3,266.87,44,Moderate Risk
Vegetables,198,3.12,28,163.87,198,High Risk
Bakery,109,22.92,20,29.53,109,Safe
Dairy,196,18.47,16,316.05,196,Safe
Meat,23,2.55,11,472.79,23,Safe
Fruits,57,7.2,10,95.41,57,Safe
Seafood,169,19.41,22,441.24,169,Safe
Dairy,196,20.43,3,36.5,196,Moderate Risk
Meat,177,1.93,9,47.76,177,High Risk
Bakery,38,14.05,19,49.09,38,Safe
Meat,11,1.56,8,297.53,11,Safe
Bakery,17,16.18,30,227.75,17,Safe
Fruits,132,22.31,19,359.73,132,Safe
Vegetables,196,17.57,2,226.49,196,High Risk
Meat,59,12.12,12,485.65,59,Safe
Meat,165,3.58,4,471.95,165,High Risk
Fruits,198,10.19,13,446.95,198,Safe
Dairy,45,14.65,22,450.65,45,Safe
Bakery,148,17.46,27,40.43,148,Safe
Dairy,187,6.52,10,216.26,187,Moderate Risk
Vegetables,89,14.91,27,457.33,89,Safe
Meat,200,10.14,3,108.45,200,Moderate Risk
Meat,183,15.25,27,472.06,183,Safe
Meat,19,24.32,9,417.42,19,Safe
Meat,37,20.51,19,458.2,37,Safe
Seafood,76,23.69,3,360.23,76,Moderate Risk
Meat,85,6.08,11,78.17,85,Moderate Risk
Dairy,65,10.74,3,115.54,65,Moderate Risk
Dairy,70,22.93,22,484.23,70,Safe
Seafood,187,24.43,16,18.37,187,Safe
Vegetables,121,13.39,26,231.47,121,Safe
Vegetables,62,5.09,26,421.86,62,Safe
Bakery,180,21.15,5,199.53,180,Moderate Risk
Vegetables,187,6.92,23,78.85,187,Moderate Risk
Vegetables,24,19.2,4,179.91,24,Moderate Risk
Meat,162,23.16,6,24.25,162,Moderate Risk
Vegetables,70,15.84,7,210.47,70,Safe
Bakery,16,21.67,20,75.52,16,Safe
Bakery,15,8.01,14,473.03,15,Safe
Dairy,109,8.66,29,273.75,109,Safe
Bakery,145,24.69,29,309.74,145,Safe
Fruits,62,13.6,13,451.8,62,Safe
Meat,67,23.46,18,241.71,67,Safe
Bakery,22,6.72,24,344.74,22,Safe
Fruits,31,2.1,21,331.31,31,Safe
Vegetables,83,20.58,6,355.94,83,Moderate Risk
Fruits,138,9.29,6,77.16,138,Moderate Risk
Fruits,100,19.45,7,107.4,100,Safe
Bakery,58,5.13,3,462.56,58,Moderate Risk
Fruits,99,15.64,4,267.37,99,Moderate Risk
Dairy,87,3.07,1,150.27,87,High Risk
Meat,127,23.44,7,126.19,127,Safe
Meat,142,5.45,28,126.43,142,Moderate Risk
Dairy,70,17.66,7,484.68,70,Safe
Vegetables,171,17.66,12,375.7,171,Safe
Dairy,109,16.18,27,321.73,109,Safe
Fruits,165,20.83,28,89.7,165,Safe
Dairy,127,12.94,15,401.75,127,Safe
Dairy,133,9.37,22,427.18,133,Safe
Meat,129,7.2,15,425.83,129,Moderate Risk
Fruits,57,6.83,23,338.3,57,Safe
Fruits,69,19.88,23,478.83,69,Safe
Fruits,147,21.25,5,59.08,147,Moderate Risk
Meat,84,6.34,8,445.36,84,Moderate Risk
Fruits,88,17.02,15,47.54,88,Safe
Dairy,153,21.16,18,117.47,153,Safe
Seafood,163,4.06,26,230.11,163,High Risk
Dairy,150,13.24,11,351.2,150,Safe
Fruits,118,21.41,13,148.4,118,Safe
Meat,153,13.25,10,176.43,153,Safe
Seafood,170,6.02,30,334.0,170,Moderate Risk
Meat,183,24.24,5,36.24,183,Moderate Risk
Meat,115,23.86,24,277.83,115,Safe
Seafood,33,22.24,5,310.74,33,Moderate Risk
Vegetables,169,20.85,24,337.71,169,Safe
Bakery,123,7.95,23,366.72,123,Moderate Risk
Vegetables,127,10.55,17,43.22,127,Safe
Meat,13,21.45,11,82.23,13,Safe
Vegetables,25,18.63,16,116.71,25,Safe
Seafood,188,7.09,30,163.38,188,Moderate Risk
Fruits,36,21.33,6,475.44,36,Moderate Risk
Meat,134,14.89,25,493.47,134,Safe
Vegetables,146,22.8,2,12.83,146,High Risk
Bakery,47,22.89,9,310.93,47,Safe
Bakery,10,24.21,24,139.06,10,Safe
Dairy,169,3.48,13,99.98,169,High Risk
Vegetables,189,15.85,9,153.84,189,Safe
Dairy,165,21.19,21,280.61,165,Safe
Bakery,23,17.43,8,180.42,23,Safe
Bakery,150,19.22,2,115.63,150,High Risk
Bakery,65,14.47,6,301.09,65,Moderate Risk
Fruits,111,4.79,19,149.85,111,Moderate Risk
Seafood,82,2.85,10,127.46,82,Moderate Risk
Vegetables,184,8.65,12,97.26,184,Safe
Bakery,23,4.51,28,69.55,23,Safe
Vegetables,47,10.96,22,139.8,47,Safe
Fruits,63,22.08,13,381.11,63,Safe
Vegetables,153,20.01,3,360.89,153,Moderate Risk
Seafood,146,13.33,1,316.54,146,High Risk
Fruits,180,6.59,25,339.05,180,Moderate Risk
Seafood,154,20.76,5,414.61,154,Moderate Risk
Vegetables,194,15.21,5,100.95,194,Moderate Risk
Seafood,107,22.74,5,268.19,107,Moderate Risk
Bakery,99,22.62,16,480.32,99,Safe
Fruits,78,19.44,15,464.22,78,Safe
Vegetables,97,2.22,21,56.42,97,Moderate Risk
Meat,185,20.98,24,273.83,185,Safe
Seafood,173,8.57,9,437.95,173,Safe
Dairy,189,16.27,4,401.14,189,Moderate Risk
Fruits,80,24.89,3,347.16,80,Moderate Risk
Seafood,121,8.12,4,201.48,121,Moderate Risk
Meat,100,2.61,19,498.75,100,Moderate Risk
Vegetables,123,23.43,21,57.14,123,Safe
Vegetables,175,10.03,8,381.64,175,Safe
Fruits,89,18.5,23,451.89,89,Safe
Bakery,105,11.91,15,489.67,105,Safe
Dairy,196,1.88,1,164.28,196,High Risk
Fruits,54,16.6,10,95.88,54,Safe
Bakery,29,11.07,6,244.16,29,Moderate Risk
Vegetables,136,8.26,5,427.68,136,Moderate Risk
Meat,146,10.31,3,152.34,146,Moderate Risk
Bakery,56,8.92,29,386.41,56,Safe
Bakery,152,14.67,14,216.59,152,Safe
Bakery,81,17.22,26,287.37,81,Safe
Fruits,111,16.01,14,101.77,111,Safe
Fruits,176,11.54,18,475.45,176,Safe
Fruits,148,7.56,3,168.65,148,Moderate Risk
Vegetables,39,20.65,4,41.4,39,Moderate Risk
Vegetables,116,3.45,4,241.62,116,Moderate Risk
Seafood,49,17.95,5,255.6,49,Moderate Risk
Dairy,34,2.73,7,168.75,34,Safe
Fruits,135,20.47,18,404.87,135,Safe
Fruits,106,7.53,5,154.57,106,Moderate Risk
Meat,118,1.91,28,369.24,118,Moderate Risk
Meat,175,17.86,17,140.86,175,Safe
Meat,142,10.14,14,270.11,142,Safe
Bakery,20,1.7,20,430.48,20,Safe
Seafood,67,8.13,19,425.49,67,Safe
Fruits,14,17.14,11,34.8,14,Safe
Dairy,177,11.97,22,226.87,177,Safe
Vegetables,129,9.93,9,29.66,129,Safe
Bakery,120,19.92,23,281.91,120,Safe
Dairy,152,7.44,29,370.29,152,Moderate Risk
Dairy,144,11.28,20,447.25,144,Safe
Dairy,167,12.16,2,254.06,167,High Risk
Dairy,7,6.72,13,190.97,7,Safe
Vegetables,65,7.25,5,203.58,65,Moderate Risk
Seafood,86,12.89,21,21.69,86,Safe
Seafood,32,13.39,13,30.96,32,Safe
Vegetables,38,3.82,29,404.83,38,Safe
Bakery,190,19.64,25,325.63,190,Safe
Meat,165,14.12,10,422.45,165,Safe
Seafood,93,8.61,14,389.39,93,Safe
Vegetables,123,22.74,26,273.07,123,Safe
Fruits,99,7.42,28,417.93,99,Moderate Risk
Meat,28,14.23,30,346.79,28,Safe
Vegetables,44,1.59,24,449.11,44,Safe
Bakery,79,23.78,12,407.48,79,Safe
Fruits,71,23.85,2,194.12,71,High Risk
Seafood,69,5.65,27,461.35,69,Safe
Fruits,154,10.37,25,375.51,154,Safe
Vegetables,115,4.05,23,260.68,115,Moderate Risk
Fruits,117,5.84,7,471.94,117,Moderate Risk
Seafood,121,3.39,6,400.35,121,High Risk
Fruits,126,24.05,15,137.46,126,Safe
Vegetables,43,21.46,10,310.07,43,Safe
Seafood,11,10.77,20,472.68,11,Safe
Bakery,101,5.3,26,261.84,101,Moderate Risk
Meat,57,20.27,10,223.69,57,Safe
Fruits,48,13.64,29,461.49,48,Safe
Meat,78,11.43,9,27.71,78,Safe
Seafood,156,4.55,8,476.77,156,High Risk
Fruits,92,18.68,3,271.19,92,Moderate Risk
Bakery,27,24.82,14,347.57,27,Safe
Vegetables,95,24.16,8,204.46,95,Safe
Meat,171,10.4,30,365.61,171,Safe
Dairy,9,24.08,18,440.05,9,Safe
Vegetables,169,10.29,1,250.56,169,High Risk
Bakery,150,23.42,17,379.45,150,Safe
Dairy,90,15.91,20,35.73,90,Safe
Bakery,114,2.25,24,271.91,114,Moderate Risk
Seafood,43,10.72,25,35.19,43,Safe
Meat,10,21.87,15,86.48,10,Safe
Dairy,106,22.46,26,105.46,106,Safe
Meat,37,22.29,12,37.48,37,Safe
Fruits,172,8.7,21,285.82,172,Safe
Bakery,169,23.71,25,165.18,169,Safe
Meat,51,14.7,20,222.99,51,Safe
Seafood,8,2.65,2,128.22,8,High Risk
Seafood,184,13.2,24,190.28,184,Safe
Bakery,86,15.13,15,101.75,86,Safe
Meat,193,12.04,19,453.34,193,Safe
Meat,143,11.16,29,138.66,143,Safe
Vegetables,56,15.54,3,145.87,56,Moderate Risk
Bakery,19,3.02,8,127.84,19,Safe
Fruits,92,4.08,22,20.96,92,Moderate Risk
Meat,113,2.34,29,356.84,113,Moderate Risk
Dairy,26,14.53,3,473.21,26,Moderate Risk
Meat,98,24.08,14,457.22,98,Safe
Vegetables,123,17.33,4,374.13,123,Moderate Risk
Vegetables,123,16.89,22,342.29,123,Safe
Fruits,72,24.17,22,221.09,72,Safe
Seafood,59,2.34,5,147.81,59,Moderate Risk
Vegetables,65,11.96,10,242.75,65,Safe
Meat,61,22.67,16,162.58,61,Safe
Seafood,13,19.66,12,436.24,13,Safe
Fruits,158,11.87,3,152.9,158,Moderate Risk
Seafood,156,7.05,18,302.14,156,Moderate Risk
Fruits,199,18.31,4,337.72,199,Moderate Risk
Vegetables,99,24.49,8,102.76,99,Safe
Meat,53,15.74,20,190.43,53,Safe
Bakery,15,15.62,19,396.64,15,Safe
Meat,8,23.32,4,122.65,8,Moderate Risk
Bakery,30,4.32,17,321.65,30,Safe
Fruits,139,7.67,29,364.02,139,Moderate Risk
Vegetables,82,10.63,23,332.38,82,Safe
Fruits,116,18.92,18,301.99,116,Safe
Dairy,113,11.28,25,66.17,113,Safe
Bakery,17,23.84,30,175.4,17,Safe
Bakery,188,18.86,8,305.51,188,Safe
Meat,180,3.54,4,424.58,180,High Risk
Dairy,134,4.25,27,20.41,134,High Risk
Dairy,30,4.74,1,349.52,30,High Risk
Meat,118,17.9,22,270.08,118,Safe
Meat,146,14.21,2,207.0,146,High Risk
Bakery,24,20.73,29,94.99,24,Safe
Bakery,156,17.7,27,172.26,156,Safe
Fruits,38,3.7,24,209.63,38,Safe
Dairy,78,4.68,28,256.49,78,Safe
Vegetables,89,3.68,25,320.5,89,Moderate Risk
Vegetables,80,23.15,15,136.95,80,Safe
Seafood,126,5.63,21,144.98,126,Moderate Risk
Dairy,172,11.75,30,358.81,172,Safe
Bakery,186,22.9,23,344.83,186,Safe
Fruits,99,19.55,17,197.61,99,Safe
Bakery,101,22.88,13,439.85,101,Safe
Vegetables,5,6.36,5,157.73,5,Moderate Risk
Fruits,81,2.59,23,372.96,81,Moderate Risk
Meat,45,19.65,22,302.41,45,Safe
Bakery,9,24.66,4,317.79,9,Moderate Risk
Vegetables,174,12.14,29,106.99,174,Safe
Meat,119,18.82,29,303.87,119,Safe
Vegetables,161,4.97,22,434.93,161,High Risk
Meat,21,6.32,21,223.4,21,Safe
Fruits,37,22.48,1,247.58,37,High Risk
Dairy,167,24.12,22,288.39,167,Safe
Vegetables,13,11.4,12,392.2,13,Safe
Vegetables,142,17.94,23,406.43,142,Safe
Meat,148,2.04,10,146.03,148,High Risk
Vegetables,95,6.62,26,141.89,95,Moderate Risk
Fruits,46,20.19,17,256.95,46,Safe
Meat,136,14.56,18,332.48,136,Safe
Dairy,95,20.25,12,97.5,95,Safe
Dairy,186,17.51,25,30.39,186,Safe
Fruits,14,6.78,8,51.24,14,Safe
Fruits,27,22.14,7,464.0,27,Safe
Fruits,8,11.35,8,431.15,8,Safe
Fruits,38,1.51,16,477.29,38,Safe
Bakery,48,6.82,4,154.45,48,Moderate Risk
Meat,194,3.2,22,424.35,194,High Risk
Meat,171,12.5,23,388.09,171,Safe
Seafood,122,18.77,22,258.63,122,Safe
Seafood,105,7.26,7,235.15,105,Moderate Risk
Seafood,141,13.63,14,245.09,141,Safe
Seafood,168,19.82,16,325.94,168,Safe
Bakery,42,7.09,2,286.55,42,High Risk
Dairy,99,7.31,22,161.44,99,Moderate Risk
Fruits,163,16.51,12,294.42,163,Safe
Vegetables,31,19.49,27,444.99,31,Safe
Bakery,129,18.14,15,314.82,129,Safe
Seafood,42,12.17,3,355.66,42,Moderate Risk
Seafood,171,17.18,4,276.47,171,Moderate Risk
Vegetables,183,19.9,15,29.88,183,Safe
Dairy,51,5.97,29,451.33,51,Safe
Bakery,105,6.91,13,87.37,105,Moderate Risk
Bakery,171,10.15,30,402.96,171,Safe
Fruits,114,13.7,13,394.93,114,Safe
Bakery,25,12.87,5,191.21,25,Moderate Risk
Dairy,138,11.47,18,181.72,138,Safe
Vegetables,35,1.59,4,148.89,35,Moderate Risk
Vegetables,181,22.56,29,336.09,181,Safe
Dairy,124,1.15,12,24.56,124,High Risk
Fruits,17,20.03,28,254.27,17,Safe
Bakery,190,19.28,14,378.33,190,Safe
Seafood,99,2.81,9,498.31,99,Moderate Risk
Fruits,19,16.28,4,45.46,19,Moderate Risk
Vegetables,176,23.1,19,291.19,176,Safe
Seafood,60,20.28,23,99.82,60,Safe
Vegetables,43,1.58,5,137.91,43,Moderate Risk
Seafood,158,17.15,7,384.24,158,Safe
Fruits,171,22.24,29,177.78,171,Safe
Dairy,104,15.29,15,480.52,104,Safe
Vegetables,66,20.45,21,131.65,66,Safe
Dairy,132,24.1,7,229.18,132,Safe
Seafood,108,15.76,20,496.97,108,Safe
Dairy,118,21.05,5,486.29,118,Moderate Risk
Seafood,191,24.58,12,313.4,191,Safe
Fruits,138,7.5,16,415.88,138,Moderate Risk
Fruits,139,9.19,26,271.19,139,Safe
Dairy,170,18.55,21,100.06,170,Safe
Meat,195,10.66,27,107.77,195,Safe
Seafood,119,10.86,28,211.1,119,Safe
Vegetables,16,3.61,9,91.02,16,Safe
Bakery,130,7.32,15,282.4,130,Moderate Risk
Fruits,29,19.19,9,421.53,29,Safe
Dairy,6,17.26,12,148.01,6,Safe
Meat,41,8.29,19,384.34,41,Safe
Dairy,38,8.3,2,68.51,38,High Risk
Bakery,58,20.87,3,424.74,58,Moderate Risk
Bakery,154,9.19,16,50.05,154,Safe
Fruits,196,10.95,21,422.26,196,Safe
Fruits,163,23.69,16,492.85,163,Safe
Vegetables,133,21.33,10,131.09,133,Safe
Meat,100,1.25,23,36.46,100,Moderate Risk
Vegetables,142,11.04,15,381.89,142,Safe
Fruits,16,14.93,24,191.62,16,Safe
Fruits,22,16.38,4,226.89,22,Moderate Risk
Vegetables,148,20.41,17,341.63,148,Safe
Meat,57,15.34,18,78.47,57,Safe
Seafood,29,20.86,2,284.14,29,High Risk
Bakery,178,6.72,27,221.5,178,Moderate Risk
Meat,158,6.92,23,133.45,158,Moderate Risk
Seafood,110,1.93,28,97.66,110,Moderate Risk
Dairy,172,20.51,18,198.52,172,Safe
Seafood,122,15.14,10,138.96,122,Safe
Fruits,15,24.51,13,374.38,15,Safe
Meat,40,6.11,28,317.72,40,Safe
Bakery,81,9.14,4,35.6,81,Moderate Risk
Vegetables,38,11.17,14,294.5,38,Safe
Fruits,54,19.6,28,478.98,54,Safe
Meat,82,18.12,6,359.92,82,Moderate Risk
Bakery,184,22.22,6,314.11,184,Moderate Risk
Bakery,195,6.28,5,122.72,195,Moderate Risk
Meat,8,3.23,2,376.38,8,High Risk
Meat,188,15.23,20,96.78,188,Safe
Bakery,122,21.52,29,486.08,122,Safe
Vegetables,174,9.59,19,129.96,174,Safe
Vegetables,91,18.97,13,113.44,91,Safe
Meat,10,10.13,21,261.51,10,Safe
Fruits,21,19.15,15,366.44,21,Safe
Seafood,29,1.35,11,255.72,29,Safe
Seafood,122,15.85,20,186.75,122,Safe
Bakery,136,12.23,30,404.43,136,Safe
Seafood,55,24.14,19,381.86,55,Safe
Meat,176,10.6,19,259.26,176,Safe
Bakery,193,7.46,22,422.87,193,Moderate Risk
Bakery,148,10.52,25,283.63,148,Safe
Bakery,195,8.6,12,149.22,195,Safe
Bakery,57,4.19,26,179.99,57,Safe
Meat,48,12.33,27,389.03,48,Safe
Vegetables,25,23.33,2,123.47,25,High Risk
Bakery,57,7.81,25,84.43,57,Safe
Seafood,151,12.02,24,428.18,151,Safe
Meat,153,18.43,18,177.55,153,Safe
Fruits,95,21.86,19,261.45,95,Safe
Meat,162,20.93,30,297.4,162,Safe
Fruits,24,3.54,16,457.04,24,Safe
Fruits,170,14.0,20,323.64,170,Safe
Vegetables,112,9.54,25,409.02,112,Safe
Dairy,74,2.31,8,340.49,74,Safe
Vegetables,119,15.36,27,91.05,119,Safe
Fruits,29,1.01,3,252.24,29,Moderate Risk
Meat,176,2.58,15,277.23,176,High Risk
Dairy,196,7.77,29,461.09,196,Moderate Risk
Fruits,174,14.37,9,73.83,174,Safe
Bakery,83,7.14,4,352.27,83,Moderate Risk
Dairy,78,5.07,11,63.69,78,Safe
Dairy,50,13.5,11,63.62,50,Safe
Bakery,34,4.75,7,122.0,34,Safe
Seafood,188,19.92,11,101.87,188,Safe
Fruits,21,4.61,22,459.77,21,Safe
Meat,89,9.13,27,471.93,89,Safe
Meat,200,19.38,25,424.25,200,Safe
Meat,5,24.09,18,497.24,5,Safe
Dairy,120,21.33,7,329.8,120,Safe
Seafood,8,14.2,5,293.22,8,Moderate Risk
Vegetables,54,17.82,28,181.99,54,Safe
Bakery,195,5.23,28,326.66,195,Moderate Risk
Seafood,113,7.46,5,362.92,113,Moderate Risk
Bakery,109,22.55,26,171.54,109,Safe
Dairy,56,12.32,20,214.81,56,Safe
Seafood,182,11.0,21,219.11,182,Safe
Seafood,72,21.44,19,78.66,72,Safe
Dairy,146,18.65,9,42.01,146,Safe
Seafood,140,11.77,19,204.2,140,Safe
Seafood,55,24.16,22,265.02,55,Safe
Vegetables,173,2.55,23,267.64,173,High Risk
Fruits,151,15.19,20,433.7,151,Safe
Fruits,22,3.93,30,385.93,22,Safe
Vegetables,187,8.4,19,318.74,187,Safe
Fruits,181,17.47,5,405.26,181,Moderate Risk
Meat,69,16.0,19,132.92,69,Safe
Bakery,82,10.62,7,39.17,82,Safe
Vegetables,183,1.86,23,180.91,183,High Risk
Bakery,78,24.36,28,328.66,78,Safe
Vegetables,44,5.97,15,364.28,44,Safe
Dairy,40,4.19,21,80.05,40,Safe
Vegetables,132,10.86,5,108.53,132,Moderate Risk
Meat,154,8.72,17,455.31,154,Safe
Dairy,18,19.18,27,183.19,18,Safe
Seafood,89,1.48,20,134.36,89,Moderate Risk
Meat,70,11.25,23,183.94,70,Safe
Vegetables,95,11.67,3,229.7,95,Moderate Risk
Meat,16,13.15,2,23.48,16,High Risk
Meat,128,9.73,23,122.27,128,Safe
Bakery,83,3.02,18,175.48,83,Moderate Risk
Dairy,58,20.78,5,221.27,58,Moderate Risk
Meat,138,4.58,20,159.56,138,High Risk
Dairy,46,10.26,27,49.6,46,Safe
Dairy,179,19.07,16,477.05,179,Safe
Bakery,118,9.26,17,403.38,118,Safe
Seafood,75,3.29,15,437.84,75,Safe
Dairy,133,19.2,10,365.8,133,Safe
Fruits,145,9.17,26,25.78,145,Safe
Bakery,191,9.31,20,340.22,191,Safe
Bakery,115,20.59,8,111.1,115,Safe
Fruits,29,21.87,12,11.35,29,Safe
Vegetables,120,19.97,26,152.44,120,Safe
Fruits,61,3.04,12,423.76,61,Safe
Meat,43,14.15,21,293.72,43,Safe
Seafood,92,12.56,17,305.53,92,Safe
Meat,58,9.38,2,465.61,58,High Risk
Seafood,181,4.49,11,95.16,181,High Risk
Fruits,166,5.57,17,280.53,166,Moderate Risk
Vegetables,35,17.94,6,223.72,35,Moderate Risk
Meat,95,8.88,9,296.55,95,Safe
Fruits,157,7.09,24,382.48,157,Moderate Risk
Seafood,130,23.55,10,266.94,130,Safe
Dairy,30,10.11,9,397.68,30,Safe
Dairy,13,11.42,19,161.48,13,Safe
Fruits,21,19.42,14,316.46,21,Safe
Meat,144,18.44,26,202.78,144,Safe
Bakery,84,9.69,27,203.64,84,Safe
Seafood,141,21.26,19,232.32,141,Safe
Dairy,183,8.76,8,57.04,183,Safe
Meat,158,23.93,11,422.72,158,Safe
Meat,146,16.99,27,255.47,146,Safe
Vegetables,190,14.3,12,34.79,190,Safe
Dairy,108,4.9,28,106.21,108,Moderate Risk
Fruits,189,23.78,23,322.01,189,Safe
Vegetables,24,8.73,12,380.86,24,Safe
Fruits,76,20.87,10,268.36,76,Safe
Seafood,82,13.92,12,317.26,82,Safe
Meat,117,8.56,11,277.17,117,Safe
Seafood,45,12.73,13,455.37,45,Safe
Meat,12,23.32,26,351.51,12,Safe
Meat,91,21.71,16,468.84,91,Safe
Seafood,45,24.72,21,404.53,45,Safe
Fruits,189,15.56,20,351.81,189,Safe
Vegetables,176,8.19,7,239.53,176,Safe
Seafood,145,10.49,30,436.06,145,Safe
Dairy,147,19.23,21,161.85,147,Safe
Meat,126,19.73,25,357.36,126,Safe
Dairy,76,1.12,29,164.55,76,Safe
Meat,172,13.99,15,33.93,172,Safe
Bakery,10,20.1,2,463.91,10,High Risk
Fruits,158,15.21,27,430.02,158,Safe
Bakery,8,23.56,17,341.45,8,Safe
Fruits,176,13.16,1,22.53,176,High Risk
Seafood,157,8.34,26,427.44,157,Safe
Dairy,57,3.67,8,415.21,57,Safe
Fruits,117,3.37,4,462.11,117,Moderate Risk
Meat,79,2.47,16,183.72,79,Safe
Vegetables,93,19.02,7,409.95,93,Safe
Vegetables,81,18.41,6,245.54,81,Moderate Risk
Vegetables,43,17.46,28,427.08,43,Safe
Bakery,57,3.65,2,52.5,57,High Risk
Fruits,106,24.27,15,209.6,106,Safe
Fruits,23,8.59,9,120.7,23,Safe
Bakery,139,1.32,28,121.21,139,High Risk
Dairy,135,8.55,16,179.13,135,Safe
Dairy,55,15.96,29,23.86,55,Safe
Meat,46,12.62,16,488.42,46,Safe
Vegetables,180,3.05,17,307.54,180,High Risk
Meat,173,18.55,7,41.09,173,Safe
Vegetables,37,22.51,3,403.07,37,Moderate Risk
Bakery,107,8.38,5,120.34,107,Moderate Risk
Dairy,83,13.73,7,157.44,83,Safe
Meat,130,2.32,30,342.31,130,High Risk
Bakery,78,8.2,7,304.66,78,Safe
Vegetables,36,15.71,30,93.49,36,Safe
Fruits,147,23.96,16,255.95,147,Safe
Fruits,9,23.63,22,236.73,9,Safe
Vegetables,143,6.74,19,149.5,143,Moderate Risk
Bakery,179,7.24,29,11.54,179,Moderate Risk
Fruits,18,7.55,22,192.53,18,Safe
Vegetables,44,24.61,6,424.32,44,Moderate Risk
Bakery,84,17.18,29,198.64,84,Safe
Vegetables,16,20.04,26,376.29,16,Safe
Seafood,62,19.72,30,268.75,62,Safe
Vegetables,135,8.08,1,13.15,135,High Risk
Dairy,75,8.26,27,272.8,75,Safe
Vegetables,61,13.17,17,490.34,61,Safe
Dairy,96,8.93,8,470.81,96,Safe
Fruits,139,9.34,17,246.86,139,Safe
Seafood,165,17.16,23,409.83,165,Safe
Vegetables,36,23.53,23,117.59,36,Safe
Vegetables,30,24.48,20,345.5,30,Safe
Bakery,142,23.58,12,57.84,142,Safe
Dairy,143,17.96,28,242.99,143,Safe
Bakery,60,1.62,18,260.07,60,Safe
Seafood,110,1.48,19,174.37,110,Moderate Risk
Fruits,49,16.43,3,194.45,49,Moderate Risk
Meat,152,11.35,29,450.08,152,Safe
Bakery,185,2.91,4,146.82,185,High Risk
Meat,101,7.23,4,359.61,101,Moderate Risk
Vegetables,97,19.36,21,391.09,97,Safe
Vegetables,61,15.32,28,494.69,61,Safe
Meat,174,24.56,30,347.98,174,Safe
Meat,120,2.18,13,140.42,120,Moderate Risk
Meat,140,13.26,28,138.76,140,Safe
Seafood,30,14.7,19,235.16,30,Safe
Dairy,85,20.2,17,261.22,85,Safe
Fruits,171,11.27,21,91.29,171,Safe
Seafood,14,2.17,24,146.86,14,Safe
Vegetables,43,24.43,20,91.93,43,Safe
Seafood,148,16.98,13,286.62,148,Safe
Vegetables,149,5.69,8,477.01,149,Moderate Risk
Dairy,57,7.28,11,120.03,57,Safe
Bakery,56,23.76,23,134.92,56,Safe
Fruits,52,18.69,30,87.56,52,Safe
Vegetables,71,13.75,19,141.34,71,Safe
Dairy,161,23.22,27,479.7,161,Safe
Seafood,17,23.54,18,499.89,17,Safe
Meat,80,23.08,20,330.62,80,Safe
Dairy,132,11.28,29,21.31,132,Safe
Dairy,178,6.88,19,227.72,178,Moderate Risk
Meat,104,8.78,1,202.67,104,High Risk
Meat,149,14.58,8,270.63,149,Safe
Fruits,19,20.62,16,416.42,19,Safe
Meat,45,16.03,11,436.12,45,Safe
Fruits,117,24.34,1,462.44,117,High Risk
Bakery,31,21.02,6,181.19,31,Moderate Risk
Bakery,92,17.85,1,147.79,92,High Risk
Bakery,30,8.82,28,287.46,30,Safe
Dairy,158,4.13,15,370.83,158,High Risk
Vegetables,9,17.69,14,466.57,9,Safe
Dairy,31,9.04,5,109.06,31,Moderate Risk
Vegetables,122,14.37,6,362.88,122,Moderate Risk
Vegetables,186,6.62,12,94.95,186,Moderate Risk
Bakery,181,1.03,18,197.53,181,High Risk
Dairy,62,22.54,30,127.11,62,Safe
Fruits,52,23.56,1,278.16,52,High Risk
Bakery,164,6.63,24,110.35,164,Moderate Risk
Meat,22,3.41,19,324.31,22,Safe
Fruits,100,2.34,16,126.83,100,Moderate Risk
Dairy,140,11.56,26,328.61,140,Safe
Vegetables,177,1.73,4,417.21,177,High Risk
Meat,85,1.14,28,451.61,85,Moderate Risk
Seafood,171,2.31,4,436.83,171,High Risk
Meat,49,10.63,19,159.95,49,Safe
Seafood,143,13.08,19,313.77,143,Safe
Dairy,155,2.82,21,169.46,155,High Risk
Seafood,19,12.55,17,174.83,19,Safe
Dairy,13,10.14,3,337.98,13,Moderate Risk
Fruits,103,20.96,3,135.85,103,Moderate Risk
Meat,143,7.81,21,111.29,143,Moderate Risk
Bakery,128,10.05,21,348.84,128,Safe
Seafood,165,8.83,20,38.6,165,Safe
Vegetables,130,23.29,4,269.76,130,Moderate Risk
Meat,14,16.42,28,13.43,14,Safe
Meat,124,3.85,9,35.94,124,High Risk
Seafood,176,5.19,24,250.48,176,Moderate Risk
Seafood,149,9.84,18,445.42,149,Safe
Bakery,180,17.63,20,302.59,180,Safe
Seafood,86,24.27,7,130.76,86,Safe
Dairy,64,12.39,14,61.68,64,Safe
Bakery,72,22.98,24,32.28,72,Safe
Dairy,25,14.02,21,248.49,25,Safe
Seafood,113,7.1,13,382.08,113,Moderate Risk
Dairy,150,23.79,10,12.55,150,Safe
Fruits,123,4.31,28,223.96,123,High Risk
Dairy,86,3.3,14,84.71,86,Moderate Risk
Meat,63,10.77,9,202.7,63,Safe
Bakery,174,20.34,17,430.72,174,Safe
Vegetables,63,13.99,13,304.05,63,Safe
Vegetables,66,15.17,13,356.13,66,Safe
Meat,119,15.76,17,440.76,119,Safe
Fruits,177,3.08,23,256.51,177,High Risk
Seafood,14,13.83,15,189.22,14,Safe
Dairy,26,11.3,1,95.05,26,High Risk
Meat,154,12.19,25,208.33,154,Safe
Meat,188,24.67,12,241.63,188,Safe
Seafood,79,12.13,5,245.8,79,Moderate Risk
Bakery,47,17.39,9,410.74,47,Safe
Vegetables,168,12.09,18,427.45,168,Safe
Fruits,118,16.47,6,124.43,118,Moderate Risk
Seafood,6,13.74,3,73.29,6,Moderate Risk
Dairy,26,5.52,10,371.6,26,Safe
Seafood,92,17.78,21,298.75,92,Safe
Seafood,46,18.25,9,348.2,46,Safe
Bakery,62,24.72,23,99.39,62,Safe
Fruits,180,23.87,9,329.14,180,Safe
Meat,90,22.88,17,473.13,90,Safe
Vegetables,134,24.32,20,18.43,134,Safe
Fruits,59,8.36,28,126.25,59,Safe
Seafood,84,19.46,6,47.16,84,Moderate Risk
Dairy,113,2.05,5,492.57,113,Moderate Risk
Bakery,139,5.92,11,335.04,139,Moderate Risk
Bakery,153,8.88,22,234.71,153,Safe
Vegetables,140,21.15,3,44.48,140,Moderate Risk
Meat,186,4.65,18,201.27,186,High Risk
Vegetables,134,10.84,10,229.6,134,Safe
Dairy,146,12.23,28,143.69,146,Safe
Meat,36,9.87,1,49.21,36,High Risk
Vegetables,20,20.61,26,453.34,20,Safe
Seafood,193,11.7,14,429.55,193,Safe
Dairy,200,7.24,4,49.16,200,Moderate Risk
Vegetables,151,13.82,28,185.84,151,Safe
Bakery,55,3.63,9,480.11,55,Safe
Bakery,15,8.6,15,440.85,15,Safe
Meat,89,11.55,7,93.84,89,Safe
Seafood,12,12.04,2,319.06,12,High Risk
Vegetables,63,10.51,9,138.28,63,Safe
Vegetables,88,6.81,8,167.0,88,Moderate Risk
Bakery,62,19.98,21,169.51,62,Safe
Bakery,40,6.21,26,429.14,40,Safe
Dairy,118,3.57,21,173.61,118,Moderate Risk
Meat,195,1.73,19,119.06,195,High Risk
Seafood,12,15.75,20,375.16,12,Safe
Bakery,197,9.58,1,486.92,197,High Risk
Seafood,138,10.0,15,491.59,138,Safe
Fruits,77,14.66,7,47.08,77,Safe
Meat,88,9.62,29,157.7,88,Safe
Seafood,81,17.39,25,398.84,81,Safe
Vegetables,200,16.15,27,407.29,200,Safe
Bakery,111,12.11,15,98.45,111,Safe
Seafood,25,5.33,2,404.57,25,High Risk
Meat,25,4.64,20,138.42,25,Safe
Bakery,153,1.81,17,393.56,153,High Risk
Dairy,83,9.73,15,470.08,83,Safe
Vegetables,148,6.34,29,265.92,148,Moderate Risk
Seafood,93,17.93,21,289.17,93,Safe
Dairy,86,20.99,26,243.86,86,Safe
Vegetables,116,24.41,14,11.23,116,Safe
Dairy,99,2.15,13,334.04,99,Moderate Risk
Meat,182,4.97,7,90.36,182,High Risk
Fruits,124,17.99,27,136.39,124,Safe
Seafood,98,21.24,26,272.04,98,Safe
Seafood,133,10.31,20,468.25,133,Safe
Meat,8,13.91,11,28.56,8,Safe
Fruits,102,4.75,12,352.02,102,Moderate Risk
Fruits,54,18.6,24,456.28,54,Safe
Fruits,68,18.65,8,130.92,68,Safe
Vegetables,129,1.76,28,457.8,129,High Risk
Bakery,90,4.45,4,299.05,90,Moderate Risk
Meat,178,6.1,12,63.48,178,Moderate Risk
Fruits,73,17.71,23,480.99,73,Safe
Fruits,79,9.39,27,194.82,79,Safe
Bakery,46,19.26,27,378.79,46,Safe
Meat,9,7.48,17,96.18,9,Safe
Bakery,109,10.09,26,374.11,109,Safe
Dairy,49,5.78,15,278.31,49,Safe
Seafood,181,22.76,29,353.51,181,Safe
Vegetables,68,10.67,14,147.13,68,Safe
Dairy,80,3.98,28,383.46,80,Safe
Fruits,45,17.47,30,484.47,45,Safe
Bakery,191,24.75,22,31.01,191,Safe
Fruits,152,19.93,21,459.01,152,Safe
Fruits,73,11.26,7,251.86,73,Safe
Meat,125,23.29,30,160.49,125,Safe
Meat,184,1.21,9,187.31,184,High Risk
Vegetables,22,6.54,27,260.06,22,Safe
Meat,144,21.07,2,286.68,144,High Risk
Dairy,135,24.1,18,13.78,135,Safe
Vegetables,107,14.78,28,433.91,107,Safe
Fruits,64,8.86,19,101.89,64,Safe
Seafood,131,3.59,6,464.14,131,High Risk
Vegetables,124,13.13,26,398.98,124,Safe
Fruits,57,14.39,23,128.96,57,Safe
Dairy,45,11.67,1,184.38,45,High Risk
Meat,120,4.17,28,422.02,120,Moderate Risk
Seafood,52,13.76,22,407.56,52,Safe
Bakery,93,18.92,24,399.55,93,Safe
Fruits,24,21.44,6,240.0,24,Moderate Risk
Dairy,35,20.43,22,19.32,35,Safe
Dairy,134,24.47,20,83.03,134,Safe
Fruits,70,6.41,13,156.47,70,Safe
Vegetables,49,14.77,8,111.76,49,Safe
Seafood,10,13.21,21,369.61,10,Safe
Dairy,95,18.38,5,367.23,95,Moderate Risk
Meat,153,21.85,17,206.19,153,Safe
Seafood,142,14.07,20,98.92,142,Safe
Dairy,190,3.22,22,321.29,190,High Risk
Dairy,184,21.69,20,255.91,184,Safe
Seafood,175,16.4,11,97.36,175,Safe
Meat,133,17.57,6,110.91,133,Moderate Risk
Dairy,124,15.68,8,254.13,124,Safe
Bakery,188,15.31,11,368.87,188,Safe
Bakery,31,11.78,7,223.36,31,Safe
Dairy,38,11.67,17,286.86,38,Safe
Vegetables,175,7.46,20,71.14,175,Moderate Risk
Seafood,21,9.33,7,218.14,21,Safe
Fruits,106,24.57,7,359.61,106,Safe
Meat,55,8.24,7,191.78,55,Safe
Fruits,113,2.93,8,447.38,113,Moderate Risk
Vegetables,191,17.03,12,446.77,191,Safe
Bakery,27,9.59,25,116.86,27,Safe
Fruits,95,22.51,7,80.15,95,Safe
Bakery,178,22.1,16,374.82,178,Safe
Fruits,109,20.72,29,60.91,109,Safe
Meat,52,24.72,9,168.53,52,Safe
Meat,85,6.41,24,106.06,85,Moderate Risk
Fruits,53,2.0,15,433.36,53,Safe
Seafood,6,19.27,28,333.26,6,Safe
Bakery,112,9.78,16,271.86,112,Safe
Vegetables,115,4.27,4,256.56,115,Moderate Risk
Seafood,88,20.54,29,146.61,88,Safe
Bakery,40,23.83,7,202.81,40,Safe
Dairy,123,11.7,27,47.16,123,Safe
Dairy,155,4.41,30,135.94,155,High Risk
Dairy,8,4.48,21,47.11,8,Safe
Vegetables,107,22.92,21,165.64,107,Safe
Meat,177,21.56,7,285.99,177,Safe
Seafood,192,15.64,18,156.73,192,Safe
Vegetables,132,15.5,10,430.97,132,Safe
Vegetables,44,9.7,29,430.22,44,Safe
Seafood,142,10.66,28,174.85,142,Safe
Bakery,165,11.99,28,480.86,165,Safe
Meat,47,7.64,29,52.94,47,Safe
Vegetables,195,23.37,4,54.71,195,Moderate Risk
Vegetables,69,1.97,2,442.65,69,High Risk
Seafood,116,21.56,23,370.4,116,Safe
Fruits,164,18.42,1,337.72,164,High Risk
Vegetables,11,1.01,15,47.08,11,Safe
Vegetables,186,21.13,28,382.03,186,Safe
Fruits,150,10.79,16,86.66,150,Safe
Vegetables,156,14.93,8,308.21,156,Safe
Vegetables,193,2.7,20,262.46,193,High Risk
Bakery,16,17.52,5,34.85,16,Moderate Risk
Bakery,181,17.16,21,466.68,181,Safe
Bakery,137,18.69,10,443.11,137,Safe
Fruits,33,3.51,29,68.02,33,Safe
Dairy,26,14.57,24,10.43,26,Safe
Vegetables,39,18.93,11,54.24,39,Safe
